{"type":"FeatureCollection","features":[{"type":"Feature","properties":{"name":"NKDA (New Town Kolkata Development Authority) area","source":"digitised from nkdamar.org maps-of-new-town-planning-area.pdf","statutory_km2":29.34,"scale_m_per_unit":1.5662864138154575,"rotation_deg":89.36,"registration_rms_m":640.1},"geometry":{"type":"Polygon","coordinates":[[[88.4892965,22.5884636],[88.4891748,22.588479],[88.4889464,22.5884954],[88.4887029,22.5885261],[88.4884747,22.5885567],[88.4882467,22.5886013],[88.4880188,22.58866],[88.4877757,22.5887189],[88.4875478,22.5887777],[88.4873199,22.5888364],[88.487092,22.5888951],[88.486864,22.5889398],[88.4866361,22.5889985],[88.4864082,22.5890572],[88.4861959,22.589144],[88.485984,22.5892589],[88.4857871,22.5893596],[88.4855592,22.5894184],[88.4853311,22.589463],[88.4851474,22.5893944],[88.4850848,22.5892541],[88.4850089,22.5892831],[88.4847966,22.5893699],[88.4845843,22.5894566],[88.4843568,22.5895436],[88.4841445,22.5896303],[88.4839928,22.5896883],[88.4839937,22.5897587],[88.4840267,22.5899698],[88.4840436,22.5901106],[88.4841053,22.5901663],[88.4842597,22.5903339],[88.4844141,22.5905014],[88.4845683,22.5906549],[88.484661,22.5907526],[88.4846774,22.5908511],[88.4847104,22.5910621],[88.4847587,22.5912731],[88.4847919,22.5914982],[88.4848401,22.5917092],[88.4848884,22.5919201],[88.48466,22.5919365],[88.4844619,22.5919386],[88.4844624,22.5919809],[88.4844802,22.5921921],[88.484498,22.5924033],[88.4842705,22.5924903],[88.4840428,22.5925631],[88.4838303,22.5926358],[88.4836026,22.5927086],[88.4834204,22.5927668],[88.4834362,22.592809],[88.4834997,22.5930197],[88.4835782,22.5932163],[88.4837164,22.5932994],[88.4839441,22.5932266],[88.4841566,22.5931539],[88.4843843,22.5930811],[88.4845209,22.5930374],[88.4845373,22.5931359],[88.4845856,22.5933468],[88.4846339,22.5935577],[88.4844517,22.593616],[88.4842083,22.5936467],[88.4841488,22.5937742],[88.4840442,22.5939444],[88.4839387,22.5940441],[88.4839244,22.5941147],[88.4837425,22.5942012],[88.4836677,22.5943147],[88.4837312,22.5945255],[88.4837791,22.5947082],[88.4837947,22.5947363],[88.4838279,22.5949614],[88.4838609,22.5951725],[88.4838938,22.5953695],[88.4839243,22.5953692],[88.4841525,22.5953386],[88.4842893,22.595309],[88.4842883,22.5952245],[88.4842705,22.5950132],[88.484467,22.5948844],[88.4846033,22.5948125],[88.4846793,22.5947976],[88.4849075,22.594767],[88.485151,22.5947363],[88.4852893,22.5948336],[88.4853367,22.594974],[88.485428,22.594959],[88.4855663,22.5950562],[88.4855843,22.5952816],[88.4856021,22.5954928],[88.4853893,22.5955373],[88.4851456,22.5955539],[88.4849934,22.5955696],[88.4850095,22.5956399],[88.4850427,22.595865],[88.4850757,22.5960761],[88.4851089,22.5963013],[88.4851572,22.5965122],[88.484975,22.5965705],[88.4848076,22.5965863],[88.4848237,22.5966566],[88.4848569,22.5968818],[88.4848747,22.597093],[88.4847232,22.5971651],[88.4847387,22.5971931],[88.4847562,22.5973761],[88.4847259,22.5973906],[88.4844975,22.597407],[88.4843604,22.5974084],[88.4842696,22.5974657],[88.4841186,22.5975801],[88.4841342,22.5976081],[88.4842268,22.5977058],[88.4843182,22.5977049],[88.4844572,22.5978585],[88.4845206,22.5980551],[88.4844459,22.5981828],[88.4844024,22.5983664],[88.4846008,22.5983926],[88.4848142,22.5983904],[88.4848145,22.5984186],[88.4848325,22.5986439],[88.4848502,22.5988551],[88.4846987,22.5989272],[88.4844551,22.5989438],[88.4842267,22.5989602],[88.4839831,22.5989768],[88.4837545,22.5989792],[88.4835263,22.5990098],[88.4833267,22.598885],[88.4832058,22.5989708],[88.4832062,22.598999],[88.483238,22.5991114],[88.4831315,22.5991266],[88.4829036,22.5991853],[88.4826756,22.59923],[88.4824932,22.5992741],[88.482509,22.5993163],[88.4825572,22.5995272],[88.4826209,22.599752],[88.4826692,22.599963],[88.4827323,22.6001455],[88.4827019,22.6001459],[88.4824588,22.6002047],[88.4822307,22.6002494],[88.4821386,22.600194],[88.4820474,22.600209],[88.4818041,22.6002538],[88.4816989,22.6003817],[88.4817143,22.6003957],[88.4817931,22.6006063],[88.4819463,22.6006752],[88.4819465,22.6006893],[88.4819643,22.6009005],[88.4817828,22.6010151],[88.4815707,22.601116],[88.4814039,22.6011882],[88.4814349,22.6012302],[88.4815287,22.6014265],[88.481332,22.6015413],[88.4811354,22.6016702],[88.4809841,22.6017563],[88.480968,22.601686],[88.4808894,22.6014895],[88.4808107,22.6012789],[88.4806283,22.6013231],[88.4805071,22.6013807],[88.4804929,22.6014654],[88.4804651,22.6016912],[88.4804829,22.6019024],[88.4805009,22.6021278],[88.4805187,22.602339],[88.4803213,22.6023974],[88.4800931,22.602428],[88.4798647,22.6024444],[88.4796517,22.6024748],[88.4796513,22.6024466],[88.4796334,22.6022213],[88.4796156,22.6020101],[88.4797353,22.6018256],[88.4798252,22.6016978],[88.4798245,22.6016414],[88.4797608,22.6014166],[88.4797126,22.6012057],[88.4795141,22.6011795],[88.4794665,22.601025],[88.4794943,22.6007992],[88.4796763,22.6007268],[88.4799045,22.6006963],[88.480148,22.6006656],[88.4803306,22.6006496],[88.4803464,22.6006917],[88.4805452,22.600746],[88.4805604,22.6007459],[88.4806843,22.6009137],[88.4807776,22.6010678],[88.4808232,22.6010532],[88.4810512,22.6010086],[88.481049,22.6008254],[88.4808211,22.6008841],[88.4807426,22.6006876],[88.4806953,22.6005612],[88.4807866,22.6005462],[88.4808456,22.6003906],[88.4807821,22.6001798],[88.4807344,22.6000111],[88.4807339,22.5999689],[88.4807471,22.5997996],[88.480701,22.5997719],[88.4805319,22.5996468],[88.4804103,22.5996762],[88.4803788,22.599592],[88.4802417,22.5995934],[88.4802102,22.5995091],[88.4801631,22.5993969],[88.4801619,22.5992982],[88.4801596,22.5991009],[88.4801441,22.599087],[88.4800806,22.5988762],[88.4800629,22.598665],[88.4800627,22.5986509],[88.4800906,22.5984392],[88.4801189,22.5982557],[88.4801493,22.5982553],[88.4802084,22.5980997],[88.4802065,22.5979447],[88.4802826,22.5979298],[88.4805108,22.5978992],[88.4804777,22.5976882],[88.4804447,22.5974771],[88.4802913,22.5973941],[88.4801542,22.5973955],[88.4801225,22.5972972],[88.480044,22.5971007],[88.4799652,22.59689],[88.4798865,22.5966794],[88.4798079,22.5964829],[88.4799589,22.5963686],[88.4801868,22.5963099],[88.4803234,22.5962662],[88.4803376,22.5961815],[88.4802894,22.5959705],[88.4801814,22.5958589],[88.4801656,22.5958168],[88.4799821,22.5957623],[88.4798434,22.5956369],[88.479796,22.5954964],[88.4798566,22.5954676],[88.4799157,22.5953119],[88.4797027,22.5953423],[88.4796091,22.5951601],[88.4795466,22.5950339],[88.4795153,22.5949637],[88.4793911,22.5947818],[88.4792518,22.5946],[88.4794033,22.5945279],[88.4796466,22.5944831],[88.4797368,22.5943835],[88.4797978,22.5943829],[88.4799515,22.5944941],[88.4800606,22.5946903],[88.4802431,22.5946602],[88.4802273,22.5946181],[88.4801792,22.5944212],[88.4801945,22.5944211],[88.4804068,22.5943343],[88.4805282,22.5942908],[88.4806035,22.5942195],[88.4806785,22.5941201],[88.4807853,22.5941331],[88.4809079,22.5941882],[88.4809991,22.5941732],[88.481227,22.5941144],[88.4814393,22.5940277],[88.4816212,22.5939412],[88.4815903,22.5939133],[88.4814662,22.5937314],[88.4814034,22.593577],[88.4814638,22.5935341],[88.4814163,22.5933795],[88.4813704,22.5933659],[88.4811423,22.5934106],[88.4809905,22.5934544],[88.4809593,22.5933984],[88.4808516,22.5933149],[88.4807605,22.593344],[88.4805633,22.5934165],[88.4805328,22.5934169],[88.4803635,22.5932777],[88.4801815,22.59335],[88.4801507,22.5933221],[88.4800114,22.5931403],[88.4798282,22.593114],[88.4796311,22.5932007],[88.4796467,22.5932287],[88.4796797,22.5934398],[88.4795595,22.593582],[88.479332,22.5936689],[88.4793191,22.5938663],[88.4793664,22.5939927],[88.4793063,22.5940638],[88.4791542,22.5940936],[88.4791089,22.5941222],[88.478927,22.5942087],[88.4789115,22.5941806],[88.4787127,22.5941263],[88.4784847,22.5941709],[88.478241,22.5941876],[88.4780128,22.5942181],[88.4777997,22.5942344],[88.4777692,22.5942347],[88.4776028,22.5943351],[88.4775725,22.5943495],[88.4773603,22.5944504],[88.477178,22.5944945],[88.4771323,22.594495],[88.4769196,22.5945536],[88.4767534,22.5946681],[88.4767863,22.594865],[88.476771,22.5948652],[88.4766044,22.5949515],[88.4766202,22.5949936],[88.4767585,22.5950908],[88.4769578,22.5951875],[88.477097,22.5953552],[88.4771745,22.5954671],[88.477206,22.5955514],[88.4772998,22.5957477],[88.4774683,22.5958164],[88.4775001,22.5959289],[88.4774088,22.5959439],[88.4773188,22.5960576],[88.4774128,22.5962681],[88.4774761,22.5964647],[88.4776595,22.5965051],[88.477718,22.5963072],[88.4778848,22.596235],[88.4779777,22.5963609],[88.477993,22.5963607],[88.4781912,22.5963728],[88.4782068,22.5964008],[88.4782236,22.5965275],[88.4782088,22.5965699],[88.4782095,22.5966263],[88.4782415,22.5967528],[88.4782729,22.596823],[88.4784864,22.5968348],[88.47853,22.5966653],[88.4785122,22.596454],[88.4785105,22.5963131],[88.4785865,22.5962982],[88.47868,22.5964664],[88.4787731,22.5966064],[88.4787738,22.5966627],[88.4787757,22.5968178],[88.4788519,22.596817],[88.4789301,22.5969853],[88.4789621,22.5971118],[88.4789938,22.5972102],[88.4791616,22.5972225],[88.4792071,22.597208],[88.4794196,22.5971353],[88.4795581,22.5972466],[88.4796063,22.5974575],[88.4796388,22.5976263],[88.4795933,22.5976409],[88.4793658,22.5977278],[88.4793682,22.5979251],[88.4793861,22.5981505],[88.4792659,22.5982927],[88.4790538,22.5983935],[88.4788415,22.5984803],[88.47869,22.5985523],[88.4786588,22.5984963],[88.4785195,22.5983145],[88.4783214,22.5983165],[88.4780937,22.5983893],[88.4778815,22.5984902],[88.4776848,22.598605],[88.4775458,22.5984514],[88.4774217,22.5982694],[88.4774969,22.5981841],[88.4774505,22.5981282],[88.4773414,22.597932],[88.4771269,22.5978355],[88.4769124,22.5977391],[88.4767131,22.5976425],[88.4764986,22.597546],[88.476376,22.5974909],[88.4763467,22.5975899],[88.4763027,22.5977313],[88.4763036,22.5978018],[88.4763055,22.5979568],[88.4762909,22.5980133],[88.476202,22.5982256],[88.476143,22.5983813],[88.4762042,22.5984089],[88.4763888,22.5985479],[88.4765733,22.5986869],[88.4767577,22.5988119],[88.4768654,22.5988953],[88.4767743,22.5989245],[88.4765466,22.5989973],[88.4764574,22.5991815],[88.4764142,22.5993933],[88.4763858,22.5995628],[88.4764016,22.5996049],[88.4764498,22.5998158],[88.476633,22.5998421],[88.4768763,22.5997973],[88.4769997,22.5999229],[88.477168,22.5999775],[88.4773671,22.60006],[88.4773851,22.6002854],[88.4774176,22.6004542],[88.4773721,22.6004687],[88.47722,22.6004985],[88.4772363,22.6005829],[88.4772846,22.6007938],[88.4772256,22.6009636],[88.4770135,22.6010644],[88.4768014,22.6011653],[88.4766499,22.6012373],[88.4766658,22.6012935],[88.4767598,22.601504],[88.4768383,22.6017005],[88.4767791,22.601842],[88.4765514,22.6019149],[88.4765842,22.6021119],[88.4766477,22.6023226],[88.4766803,22.6024914],[88.476726,22.602491],[88.476954,22.6024463],[88.4771819,22.6023876],[88.4773644,22.6023575],[88.4773485,22.6023013],[88.4773307,22.6020901],[88.4774824,22.6020321],[88.4776209,22.6021434],[88.4776693,22.6023685],[88.4778528,22.6024229],[88.4780966,22.6024204],[88.4782939,22.6023479],[88.4782791,22.6023903],[88.4782817,22.6026017],[88.4782692,22.6028274],[88.4782565,22.6030389],[88.4783352,22.6032495],[88.4781685,22.6033217],[88.4780901,22.6031393],[88.4779066,22.6030848],[88.4779064,22.6030707],[88.4778581,22.6028598],[88.4776898,22.6028052],[88.4774464,22.6028359],[88.4772182,22.6028664],[88.4770964,22.6028818],[88.4769745,22.602883],[88.4768071,22.6028989],[88.4767609,22.6028571],[88.4765477,22.6028734],[88.4763654,22.6029175],[88.4763344,22.6028756],[88.4761358,22.6028353],[88.4759379,22.6028515],[88.4759076,22.6028659],[88.4756797,22.6029246],[88.4757432,22.6031354],[88.4758067,22.6033461],[88.4758854,22.6035568],[88.4759185,22.6037678],[88.4759515,22.6039789],[88.4759517,22.603993],[88.475939,22.6042046],[88.4759265,22.6044302],[88.4759443,22.6046414],[88.4759775,22.6048666],[88.4757799,22.6049109],[88.4755517,22.6049415],[88.4753082,22.6049722],[88.4751844,22.6048184],[88.4749862,22.6048064],[88.4747429,22.6048512],[88.4745148,22.6048958],[88.474287,22.6049546],[88.4740892,22.6049848],[88.4741197,22.6049845],[88.4743325,22.60494],[88.4743327,22.6049541],[88.4743964,22.6051789],[88.4744599,22.6053897],[88.4745071,22.6055161],[88.4745234,22.6056005],[88.4745564,22.6058116],[88.4746047,22.6060225],[88.4746531,22.6062475],[88.4746861,22.6064586],[88.4747344,22.6066695],[88.4747828,22.6068945],[88.4748158,22.6071056],[88.4748641,22.6073165],[88.4748966,22.6074853],[88.4749124,22.6075274],[88.4749759,22.6077382],[88.4750394,22.607949],[88.475103,22.6081738],[88.4751666,22.6083846],[88.4752451,22.6085811],[88.4753239,22.6087917],[88.4754026,22.6090023],[88.4754356,22.6092134],[88.4754534,22.6094247],[88.4754866,22.6096498],[88.4755044,22.6098611],[88.4755831,22.6100717],[88.4756466,22.6102824],[88.4757254,22.6104931],[88.4757889,22.6107038],[88.4758676,22.6109144],[88.475931,22.6111111],[88.4760097,22.6113217],[88.4760884,22.6115323],[88.4761519,22.6117431],[88.4762307,22.6119537],[88.4762942,22.6121645],[88.4763729,22.6123751],[88.4764515,22.6125716],[88.476515,22.6127823],[88.4765937,22.612993],[88.4766572,22.6132037],[88.476736,22.6134143],[88.4768147,22.6136249],[88.4768933,22.6138215],[88.476972,22.6140321],[88.4770508,22.6142427],[88.477098,22.614369],[88.4771143,22.6144534],[88.4771778,22.6146642],[88.4772413,22.614875],[88.47732,22.6150856],[88.4773835,22.6152963],[88.477447,22.6155071],[88.4775105,22.6157179],[88.477574,22.6159286],[88.4776374,22.6161253],[88.4777161,22.6163359],[88.4777796,22.6165467],[88.4778431,22.6167575],[88.4779066,22.6169682],[88.4780448,22.6170514],[88.4782884,22.6170348],[88.4784406,22.6170191],[88.4784871,22.6170891],[88.4786414,22.6172425],[88.478811,22.6174099],[88.4789655,22.6175775],[88.4790896,22.6177594],[88.4791834,22.6179558],[88.4792774,22.6181662],[88.4793712,22.6183626],[88.479465,22.6185589],[88.4795589,22.6187694],[88.4796527,22.6189657],[88.4797154,22.619106],[88.4797315,22.6191763],[88.4798253,22.6193727],[88.4799191,22.6195691],[88.4799978,22.6197797],[88.4800916,22.619976],[88.4801856,22.6201865],[88.4802642,22.620383],[88.4803582,22.6205934],[88.480452,22.6207898],[88.4805307,22.6210004],[88.4806245,22.6211968],[88.4807185,22.6214072],[88.4807971,22.6216037],[88.480891,22.6218142],[88.4809849,22.6220105],[88.4810636,22.6222212],[88.4811574,22.6224175],[88.4812514,22.622628],[88.4813299,22.6228245],[88.481377,22.6229368],[88.4814087,22.6230351],[88.4814874,22.6232457],[88.4815193,22.6233581],[88.4814283,22.6234014],[88.481216,22.6234881],[88.4810039,22.623589],[88.4807764,22.6236759],[88.4805642,22.6237767],[88.4803956,22.6236939],[88.4801821,22.623682],[88.4799695,22.6237406],[88.4797418,22.6238134],[88.4795594,22.6238576],[88.4795437,22.6238155],[88.4794964,22.6236891],[88.4794052,22.6237042],[88.479223,22.6237624],[88.4792225,22.6237201],[88.4791749,22.6235656],[88.4791143,22.6235944],[88.4788866,22.6236672],[88.4787044,22.6237255],[88.4786889,22.6236975],[88.4785798,22.6235013],[88.478486,22.6233049],[88.4784225,22.6230941],[88.4782691,22.6230111],[88.4780255,22.6230278],[88.4777971,22.6230442],[88.4775535,22.6230608],[88.4773249,22.6230632],[88.4770813,22.6230798],[88.4768834,22.6230959],[88.4768678,22.6230679],[88.4767738,22.6228575],[88.47668,22.6226611],[88.4766174,22.6225208],[88.4766932,22.6224918],[88.4769057,22.6224192],[88.4770574,22.6223612],[88.4770261,22.6222911],[88.4769632,22.6221367],[88.4769934,22.6221082],[88.4772057,22.6220214],[88.4772033,22.6218241],[88.4771706,22.6216412],[88.477155,22.6216132],[88.4771078,22.6214868],[88.4770165,22.6215019],[88.4768926,22.621334],[88.4768301,22.6212078],[88.4767541,22.6212227],[88.4766164,22.6211818],[88.4765408,22.6212249],[88.4764195,22.6212825],[88.4763726,22.6211843],[88.4762788,22.620988],[88.4760953,22.6209335],[88.4759434,22.6209773],[88.4759123,22.6209213],[88.4757134,22.6208529],[88.4756543,22.6210085],[88.4756238,22.6210088],[88.4753961,22.6210817],[88.4752747,22.6211252],[88.4753214,22.6212093],[88.4754002,22.6214199],[88.475463,22.6215743],[88.4755236,22.6215455],[88.4757212,22.6215011],[88.4757215,22.6215293],[88.4757691,22.6216839],[88.4757698,22.6217402],[88.475742,22.6219661],[88.475591,22.6220804],[88.4753635,22.6221673],[88.4752116,22.6222111],[88.4751805,22.6221551],[88.4751017,22.6219445],[88.4750079,22.6217481],[88.4749139,22.6215377],[88.4746859,22.6215823],[88.4744579,22.621627],[88.47423,22.6216857],[88.4741512,22.6214751],[88.474061,22.6215747],[88.4740007,22.6216317],[88.4739105,22.6217313],[88.4739415,22.6217732],[88.4738807,22.621788],[88.4738369,22.6219435],[88.4739005,22.6221683],[88.4739324,22.6222807],[88.4738413,22.6223099],[88.4736439,22.6223683],[88.4736283,22.6223403],[88.4735504,22.6222001],[88.4734744,22.622215],[88.4732465,22.6222737],[88.4730952,22.6223599],[88.4730974,22.6225431],[88.4729313,22.6226716],[88.4729162,22.6226859],[88.4727652,22.6228002],[88.472781,22.6228423],[88.4728596,22.6230388],[88.4729383,22.6232495],[88.472986,22.6234181],[88.4729557,22.6234325],[88.4727737,22.6235049],[88.4727895,22.623547],[88.4727152,22.6237028],[88.4727783,22.6238854],[88.4727479,22.6238857],[88.4725809,22.6239438],[88.4725349,22.6239161],[88.4723503,22.623777],[88.472212,22.6236798],[88.4721961,22.6236236],[88.472087,22.6234274],[88.471978,22.6232312],[88.471869,22.623035],[88.4717609,22.6229233],[88.47173,22.6228814],[88.4715906,22.6226996],[88.4714513,22.6225178],[88.4715411,22.62239],[88.4717379,22.6222752],[88.4719195,22.6221747],[88.4719194,22.6221606],[88.4718559,22.6219498],[88.4717771,22.6217392],[88.4717136,22.6215284],[88.4716501,22.6213177],[88.4715714,22.6211071],[88.4715395,22.6209946],[88.4714926,22.6208965],[88.4714141,22.6207],[88.4713514,22.6205597],[88.4713506,22.6204892],[88.4712124,22.620406],[88.4710296,22.6204079],[88.4710455,22.6204641],[88.4709099,22.6205924],[88.4706818,22.620637],[88.4707145,22.6208199],[88.4706994,22.6208342],[88.4705769,22.6207791],[88.4705161,22.6207938],[88.4702884,22.6208666],[88.4701518,22.6209103],[88.4700605,22.6209254],[88.4698323,22.6209559],[88.4696032,22.620916],[88.46945,22.6208471],[88.469419,22.6208051],[88.46931,22.6206089],[88.4692161,22.6204126],[88.4694285,22.6203258],[88.4696409,22.6202531],[88.4698382,22.6201806],[88.4698226,22.6201526],[88.4697438,22.619942],[88.4696963,22.6197874],[88.4696204,22.6198164],[88.4694083,22.6199173],[88.469196,22.620004],[88.4690722,22.6198503],[88.4689505,22.6198656],[88.4689193,22.6198096],[88.4688558,22.6195988],[88.4688086,22.6194724],[88.4687469,22.6194167],[88.4685622,22.6192636],[88.4684544,22.619166],[88.4685304,22.6191511],[88.4687583,22.6190924],[88.4689558,22.6190481],[88.4689555,22.6190199],[88.468892,22.6188091],[88.468679,22.6188395],[88.4685558,22.618728],[88.4685404,22.6187141],[88.4683861,22.6185606],[88.4682165,22.6183932],[88.4680622,22.6182398],[88.4679078,22.6180723],[88.4677383,22.617919],[88.4675839,22.6177514],[88.4674144,22.6175981],[88.46726,22.6174306],[88.4670754,22.6172915],[88.4668911,22.6171666],[88.4666915,22.6170418],[88.4664918,22.616917],[88.4663994,22.6168334],[88.4663527,22.6167493],[88.4662903,22.6166372],[88.4661837,22.6166383],[88.465955,22.6166266],[88.465711,22.616615],[88.4654989,22.6167159],[88.4652867,22.6168167],[88.4653038,22.6169716],[88.4654281,22.6171676],[88.4655522,22.6173496],[88.4656765,22.6175456],[88.4658006,22.6177276],[88.4659095,22.6179097],[88.4660338,22.6181057],[88.4658677,22.6182343],[88.4660216,22.6183595],[88.4662361,22.618456],[88.4663589,22.6185252],[88.466268,22.6185684],[88.4660557,22.6186552],[88.4660269,22.6187964],[88.4660902,22.6189931],[88.4659548,22.6191355],[88.4657427,22.6192363],[88.4657428,22.6192504],[88.4658519,22.6194466],[88.4659457,22.619643],[88.4660547,22.6198392],[88.4661485,22.6200355],[88.4662576,22.6202317],[88.4663514,22.6204281],[88.4664606,22.6206384],[88.4665544,22.6208347],[88.4666634,22.6210309],[88.4667572,22.6212273],[88.4668663,22.6214235],[88.4669753,22.6216197],[88.4670536,22.621788],[88.4670842,22.6218018],[88.467223,22.6219413],[88.4673168,22.6221377],[88.4674108,22.6223481],[88.4674894,22.6225446],[88.467552,22.6226849],[88.467476,22.6226998],[88.4672483,22.6227726],[88.4670204,22.6228314],[88.4667926,22.6228901],[88.4665649,22.6229629],[88.466337,22.6230217],[88.4661091,22.6230804],[88.4659422,22.6231385],[88.4659427,22.6231808],[88.4657915,22.623281],[88.4656547,22.6233106],[88.4656864,22.623409],[88.4655047,22.6235095],[88.465277,22.6235823],[88.4650645,22.623655],[88.4648368,22.6237278],[88.4647154,22.6237714],[88.4646247,22.6238287],[88.4644436,22.6239715],[88.4642306,22.6240019],[88.4640787,22.6240457],[88.4640796,22.6241162],[88.4641117,22.6242568],[88.4641422,22.6242565],[88.464173,22.6242844],[88.4642821,22.6244806],[88.4644659,22.6245632],[88.4646945,22.6245609],[88.4647272,22.6247438],[88.4647138,22.624899],[88.4646688,22.6249558],[88.4645633,22.6250556],[88.4645642,22.625126],[88.4645972,22.6253371],[88.4646456,22.6255621],[88.4646787,22.6257732],[88.4647237,22.6257164],[88.4647514,22.6254905],[88.464979,22.6254036],[88.4651913,22.6253169],[88.4653733,22.6252445],[88.465389,22.6252866],[88.4654364,22.6254271],[88.4655125,22.6254122],[88.465621,22.6255661],[88.4656835,22.6256923],[88.4657593,22.6256634],[88.4659566,22.6255909],[88.465941,22.6255628],[88.4658624,22.6253663],[88.4657837,22.6251557],[88.4659354,22.6250978],[88.4659665,22.6251538],[88.4661184,22.62511],[88.4661177,22.6250536],[88.4663608,22.6249947],[88.4665281,22.6249648],[88.4665591,22.6250067],[88.466757,22.6249906],[88.4668934,22.6249328],[88.4669242,22.6249607],[88.4669546,22.6249463],[88.4671823,22.6248735],[88.46741,22.6248006],[88.4676072,22.6247281],[88.4676226,22.624742],[88.4676854,22.6248964],[88.467746,22.6248676],[88.4679434,22.6248092],[88.4679588,22.6248231],[88.4680215,22.6249634],[88.4680973,22.6249345],[88.4683098,22.6248618],[88.4685374,22.6247749],[88.4687651,22.6247021],[88.4689015,22.6246443],[88.4689479,22.6247002],[88.4691465,22.6247404],[88.4693001,22.6248375],[88.4694091,22.6250337],[88.4695182,22.6252299],[88.4696272,22.6254261],[88.4697362,22.6256223],[88.4695239,22.625709],[88.469357,22.6257671],[88.4693729,22.6258234],[88.469482,22.6260196],[88.4695758,22.6262159],[88.469516,22.6263152],[88.4694695,22.6262452],[88.4693921,22.6261473],[88.4692859,22.6261907],[88.4690735,22.6262634],[88.4689218,22.6263213],[88.4689226,22.6263918],[88.4689101,22.6266175],[88.4688974,22.626829],[88.4688841,22.6269842],[88.4688233,22.6269989],[88.4688258,22.6272103],[88.4688429,22.6273652],[88.4688286,22.6274358],[88.4689212,22.6275335],[88.4689215,22.6275617],[88.4688475,22.6277457],[88.468878,22.6277454],[88.4691061,22.6277007],[88.4692596,22.6277978],[88.4693687,22.627994],[88.4694621,22.6281622],[88.4694318,22.6281766],[88.4692346,22.6282491],[88.4692194,22.6282493],[88.4689759,22.62828],[88.4687479,22.6283246],[88.4685349,22.628355],[88.4685347,22.6283409],[88.468532,22.6281154],[88.4685294,22.627904],[88.4685274,22.6277349],[88.4684817,22.6277354],[88.4682535,22.6277659],[88.4682536,22.62778],[88.4680875,22.6279086],[88.4680131,22.6280503],[88.4679978,22.6280505],[88.4677854,22.6281231],[88.4678641,22.6283337],[88.4677439,22.6284759],[88.4675316,22.6285627],[88.4674571,22.6287044],[88.4675206,22.6289152],[88.4676889,22.6289698],[88.4679168,22.6289111],[88.4681447,22.6288523],[88.4683118,22.6288083],[88.4683724,22.6287795],[88.4684778,22.6286798],[88.4685388,22.6286791],[88.4685261,22.6288907],[88.4685136,22.6291163],[88.4687117,22.6291143],[88.4689397,22.6290696],[88.4691375,22.6290394],[88.469153,22.6290674],[88.4692318,22.629278],[88.4694145,22.6292621],[88.4696269,22.6291894],[88.469855,22.6291448],[88.4700829,22.629086],[88.4702197,22.6290564],[88.4703106,22.6290132],[88.4704924,22.6289267],[88.4705227,22.6289123],[88.4706592,22.6288545],[88.4706905,22.6289247],[88.4707995,22.6291209],[88.4709827,22.6291472],[88.471226,22.6291024],[88.4712085,22.6289193],[88.4711605,22.6287225],[88.4711757,22.6287224],[88.4714036,22.6286636],[88.4716314,22.6286049],[88.47171,22.6288014],[88.4717888,22.629012],[88.4718523,22.6292228],[88.4719158,22.6294335],[88.4720686,22.6294743],[88.4722964,22.6294014],[88.4725087,22.6293147],[88.472721,22.6292279],[88.4729485,22.629141],[88.4731608,22.6290542],[88.4732842,22.6291798],[88.473363,22.6293904],[88.4734417,22.629601],[88.4734888,22.6297133],[88.4735797,22.6296701],[88.4737184,22.6297955],[88.4738865,22.629836],[88.4740989,22.6297634],[88.4742227,22.6299171],[88.4740871,22.6300454],[88.4738752,22.6301603],[88.4738772,22.6303294],[88.473971,22.6305258],[88.473866,22.6306678],[88.4739292,22.6308504],[88.4740535,22.6310465],[88.4741312,22.6311725],[88.4740555,22.6312156],[88.4738431,22.6312882],[88.4737064,22.6313319],[88.4736155,22.6313752],[88.4734032,22.6314619],[88.4731907,22.6315346],[88.4729937,22.6316212],[88.4730091,22.6316351],[88.4730878,22.6318457],[88.4731816,22.6320421],[88.4729687,22.6320725],[88.4727404,22.632103],[88.4724968,22.6321197],[88.4723598,22.6321352],[88.4723131,22.6320511],[88.4722193,22.6318547],[88.4721103,22.6316585],[88.4722459,22.6315303],[88.4721673,22.6313337],[88.4720886,22.6311231],[88.4718763,22.6312099],[88.4717095,22.6312821],[88.4716482,22.6312545],[88.471509,22.6310868],[88.4713849,22.6309049],[88.4712606,22.6307088],[88.4711365,22.6305269],[88.4710124,22.6303449],[88.4709499,22.6302187],[88.4708589,22.6302479],[88.4707375,22.6302914],[88.4707058,22.6301931],[88.4706423,22.6299823],[88.4705636,22.6297717],[88.4703953,22.6297171],[88.4701672,22.6297617],[88.4699696,22.629806],[88.4699854,22.6298481],[88.4700337,22.6300591],[88.4700972,22.6302698],[88.4701292,22.6303964],[88.4700533,22.6304253],[88.4699016,22.6304833],[88.4699328,22.6305393],[88.4700268,22.6307498],[88.4701206,22.6309461],[88.4700463,22.631102],[88.4700942,22.6312847],[88.4701876,22.6314529],[88.4701573,22.6314673],[88.4699608,22.6315962],[88.4697641,22.6317109],[88.4695519,22.6318118],[88.46934,22.6319268],[88.4691407,22.6318301],[88.4690015,22.6316624],[88.4687733,22.631693],[88.4685454,22.6317517],[88.4684867,22.6319356],[88.468474,22.6321471],[88.4683074,22.6322334],[88.4680946,22.6322779],[88.468079,22.6322499],[88.4680155,22.6320391],[88.468121,22.6319393],[88.46809,22.6318974],[88.4678918,22.6318853],[88.4676793,22.631958],[88.4674516,22.6320308],[88.4672521,22.6319201],[88.4670984,22.631809],[88.4670681,22.6318234],[88.4668406,22.6319103],[88.4666282,22.6319971],[88.4666765,22.632208],[88.4667402,22.6324328],[88.466953,22.6323884],[88.467105,22.6323586],[88.4671514,22.6324145],[88.467229,22.6325264],[88.467153,22.6325413],[88.4669092,22.6325438],[88.4666654,22.6325464],[88.4664368,22.6325487],[88.466193,22.6325512],[88.4661144,22.6323547],[88.4659468,22.6323565],[88.4659316,22.6323566],[88.4657787,22.6323159],[88.4657626,22.6322456],[88.4657448,22.6320344],[88.4657281,22.6319077],[88.4656211,22.6318806],[88.4653922,22.6318548],[88.4651792,22.6318852],[88.4651639,22.6318853],[88.4649962,22.631873],[88.4648729,22.6317615],[88.4648275,22.6317901],[88.4646156,22.6319051],[88.4645086,22.631878],[88.4645385,22.6318354],[88.4645365,22.6316663],[88.4645514,22.631638],[88.4645803,22.6315108],[88.4645336,22.6314267],[88.4643645,22.6313016],[88.4643977,22.6315268],[88.4644154,22.631738],[88.4644334,22.6319634],[88.4644664,22.6321744],[88.4644844,22.6323998],[88.4643642,22.632542],[88.4641675,22.6326567],[88.4639244,22.6327156],[88.4636963,22.6327603],[88.4634677,22.6327626],[88.463224,22.6327652],[88.4629954,22.6327675],[88.4627516,22.63277],[88.4625687,22.6327719],[88.4625378,22.63273],[88.4623984,22.6325482],[88.4622772,22.6326058],[88.4622306,22.6325358],[88.4621223,22.632396],[88.4621064,22.6323398],[88.4619975,22.6321577],[88.4619973,22.6321436],[88.4619795,22.6319323],[88.4619616,22.631707],[88.4618688,22.6315952],[88.4618385,22.6316096],[88.4617946,22.6317651],[88.4617821,22.6319907],[88.4617838,22.6321317],[88.4616926,22.6321467],[88.4614645,22.6321914],[88.4612365,22.632236],[88.4611281,22.6320962],[88.4610802,22.6319134],[88.4610499,22.6319278],[88.460822,22.6319866],[88.4605941,22.6320453],[88.4605042,22.6321731],[88.4605677,22.6323838],[88.4606463,22.6325804],[88.4605716,22.632708],[88.4603588,22.6327525],[88.4603585,22.6327243],[88.4602953,22.6325417],[88.460265,22.6325561],[88.460037,22.6326008],[88.4601005,22.6328115],[88.4599644,22.6328975],[88.4599799,22.6329255],[88.4598745,22.6330253],[88.459631,22.633056],[88.4594026,22.6330724],[88.459159,22.633089],[88.4589306,22.6331055],[88.458687,22.6331221],[88.4584586,22.6331386],[88.458215,22.6331552],[88.4579866,22.6331716],[88.457743,22.6331882],[88.4576647,22.6330199],[88.4576317,22.6328088],[88.4576139,22.6325976],[88.4575807,22.6323724],[88.457383,22.6324027],[88.4572159,22.6324467],[88.4572,22.6323905],[88.4571068,22.6322505],[88.4570613,22.632265],[88.4570022,22.6324207],[88.4570503,22.6326175],[88.4568983,22.6326473],[88.4569144,22.6327176],[88.4567784,22.6328177],[88.4566264,22.6328474],[88.4566425,22.6329177],[88.4566909,22.6331427],[88.4567229,22.6332693],[88.4566317,22.6332843],[88.4564038,22.633343],[88.456191,22.6333875],[88.4561908,22.6333734],[88.4561578,22.6331623],[88.4561559,22.6330073],[88.4560797,22.6330081],[88.4558363,22.6330388],[88.4557731,22.6328562],[88.4557248,22.6326453],[88.4556766,22.6324344],[88.4554935,22.6324222],[88.4554939,22.6324504],[88.4555117,22.6326616],[88.4553144,22.6327341],[88.4550864,22.6327788],[88.4548583,22.6328234],[88.4548585,22.6328375],[88.454907,22.6330625],[88.4549552,22.6332734],[88.4549874,22.633414],[88.4549266,22.6334288],[88.4546828,22.6334313],[88.4544544,22.6334477],[88.4542108,22.6334644],[88.4539672,22.633481],[88.4537388,22.6334974],[88.4534952,22.633514],[88.4532668,22.6335305],[88.4530231,22.6335471],[88.4527948,22.6335636],[88.452551,22.6335661],[88.4524876,22.6333694],[88.4524241,22.6331586],[88.4523606,22.6329479],[88.4522971,22.6327371],[88.4521591,22.6326681],[88.4519468,22.6327548],[88.4518539,22.6326289],[88.4518054,22.6324039],[88.4517572,22.632193],[88.4517089,22.6319821],[88.4516607,22.6317711],[88.451597,22.6315463],[88.4515487,22.6313354],[88.4515005,22.6311244],[88.4514522,22.6309135],[88.4514038,22.6306885],[88.4513555,22.6304776],[88.4513072,22.6302666],[88.451259,22.6300557],[88.4512107,22.6298448],[88.4511623,22.6296198],[88.4510988,22.629409],[88.4510505,22.6291981],[88.4510022,22.6289872],[88.4509538,22.6287621],[88.4509214,22.6286074],[88.450967,22.6285929],[88.4508882,22.6283823],[88.4508095,22.6281717],[88.450746,22.6279609],[88.4506674,22.6277644],[88.450619,22.6275394],[88.4505707,22.6273284],[88.4505377,22.6271174],[88.4505059,22.6270049],[88.450399,22.6269919],[88.4503056,22.6268238],[88.4502421,22.626613],[88.4501786,22.6264022],[88.4501151,22.6261915],[88.4500363,22.6259809],[88.4501569,22.6258669],[88.4503847,22.6258081],[88.4503365,22.6255972],[88.450273,22.6253864],[88.4502256,22.625246],[88.4501648,22.6252607],[88.4499367,22.6253053],[88.4496934,22.6253501],[88.4496034,22.6254638],[88.4495875,22.6254076],[88.4494043,22.6253813],[88.4491612,22.6254402],[88.4489331,22.6254848],[88.4487052,22.6255436],[88.4484772,22.6255882],[88.4482493,22.6256469],[88.4480973,22.6256767],[88.4480213,22.6256916],[88.4477778,22.6257223],[88.4476256,22.625738],[88.4476419,22.6258224],[88.4474756,22.6259368],[88.4474929,22.6261058],[88.4473874,22.6262056],[88.4471441,22.6262503],[88.4469161,22.626295],[88.4468377,22.6261126],[88.4467894,22.6259016],[88.4467574,22.6257751],[88.446741,22.6256766],[88.4467232,22.6254654],[88.4467052,22.6252401],[88.4466874,22.6250288],[88.4466241,22.6248321],[88.4465466,22.6247202],[88.4465606,22.6246214],[88.4465733,22.6244098],[88.4465862,22.6242124],[88.4466166,22.6242121],[88.4468448,22.6241815],[88.4469034,22.6239836],[88.4469168,22.6238284],[88.4468856,22.6237723],[88.4468071,22.6235758],[88.4467131,22.6233654],[88.4466343,22.6231548],[88.4465873,22.6230425],[88.4464963,22.6230857],[88.4463584,22.6230167],[88.4463101,22.6228057],[88.446186,22.6226238],[88.4460775,22.6224699],[88.4460319,22.6224844],[88.4457888,22.6225433],[88.4456053,22.6224888],[88.4455876,22.6222917],[88.4456154,22.6220659],[88.4456437,22.6218824],[88.445674,22.621868],[88.4458859,22.621753],[88.4460828,22.6216523],[88.4460804,22.621455],[88.4460329,22.6213005],[88.4460169,22.6212442],[88.4459687,22.6210333],[88.4459202,22.6208083],[88.4458872,22.6205972],[88.4459922,22.6204552],[88.4460665,22.6202994],[88.4459727,22.620103],[88.4458789,22.6199067],[88.4457849,22.6196962],[88.4456911,22.6194999],[88.4456129,22.6193315],[88.4456584,22.619317],[88.4458863,22.6192582],[88.4461142,22.6191995],[88.4462662,22.6191697],[88.4462347,22.6190855],[88.4463576,22.6191688],[88.4465559,22.6191808],[88.4467682,22.6190941],[88.4469212,22.6191489],[88.4470897,22.6192176],[88.4473021,22.6191449],[88.4475299,22.6190721],[88.4477576,22.6189993],[88.4479854,22.6189405],[88.4482132,22.6188677],[88.4484256,22.6187951],[88.4486533,22.6187222],[88.4488812,22.6186635],[88.4491089,22.6185907],[88.4493214,22.618518],[88.4495491,22.6184452],[88.4497768,22.6183723],[88.4500047,22.6183136],[88.4502324,22.6182408],[88.4504449,22.6181681],[88.4504892,22.6180549],[88.4503499,22.6178731],[88.4502258,22.6176912],[88.4501319,22.6174948],[88.4501472,22.6174946],[88.4501297,22.6173116],[88.450051,22.617101],[88.4499724,22.6169045],[88.4498937,22.6166939],[88.449969,22.6166226],[88.4499377,22.6165524],[88.4498439,22.6163561],[88.4497651,22.6161455],[88.4496713,22.6159491],[88.4495774,22.6157387],[88.4494836,22.6155423],[88.4494048,22.6153317],[88.4493269,22.6151916],[88.4492814,22.6152061],[88.4491448,22.6152498],[88.4491133,22.6151656],[88.4490347,22.6149691],[88.448956,22.6147585],[88.4488933,22.6146182],[88.4489692,22.6145892],[88.4491058,22.6145455],[88.4490897,22.6144752],[88.4491049,22.614475],[88.4493326,22.6144022],[88.4494997,22.6143582],[88.4494838,22.614302],[88.4494203,22.6140912],[88.449357,22.6138945],[88.4493568,22.6138804],[88.4493397,22.6137256],[88.4493238,22.6136694],[88.4492603,22.6134586],[88.4492755,22.6134584],[88.4495032,22.6133856],[88.4497311,22.6133269],[88.4497289,22.6131437],[88.4496654,22.6129329],[88.4496019,22.6127221],[88.4495384,22.6125114],[88.4495064,22.6123848],[88.4494901,22.6123004],[88.4494417,22.6120754],[88.449409,22.6118925],[88.4494395,22.6118922],[88.4494066,22.6116952],[88.4493431,22.6114845],[88.4492796,22.6112737],[88.4492161,22.6110629],[88.4491689,22.6109366],[88.4491374,22.6108523],[88.4490586,22.6106417],[88.4489648,22.6104454],[88.4488861,22.6102347],[88.4488073,22.6100241],[88.4487135,22.6098278],[88.4486665,22.6097155],[88.4487726,22.6096721],[88.4489851,22.6095995],[88.4492128,22.6095266],[88.4494405,22.6094538],[88.4496682,22.609381],[88.4498807,22.6093083],[88.4501084,22.6092355],[88.4500908,22.6090383],[88.4502724,22.6089378],[88.4505003,22.6088791],[88.4507129,22.6088205],[88.4509408,22.6087618],[88.4511687,22.608703],[88.4511054,22.6085063],[88.4512564,22.608392],[88.4513463,22.6082642],[88.4512985,22.6080956],[88.4513593,22.6080809],[88.4515718,22.6080082],[88.4516617,22.6078804],[88.4515677,22.60767],[88.4515049,22.6075156],[88.4514593,22.6075301],[88.4512316,22.607603],[88.4510193,22.6076897],[88.4509109,22.6075499],[88.4510315,22.6074359],[88.4512595,22.6073913],[88.4513034,22.6072358],[88.4512551,22.6070248],[88.4514676,22.6069522],[88.4514195,22.6067553],[88.451356,22.6065446],[88.4513086,22.6064041],[88.4513848,22.6064033],[88.4516133,22.606401],[88.4518571,22.6063985],[88.4520857,22.6063961],[88.4523295,22.6063936],[88.4523124,22.6062387],[88.4522336,22.6060281],[88.4521864,22.6059017],[88.452262,22.6058587],[88.4524742,22.6057578],[88.4526709,22.605643],[88.452883,22.6055422],[88.453095,22.6054272],[88.4532919,22.6053265],[88.4533357,22.605171],[88.4535174,22.6050705],[88.4537449,22.6049836],[88.4539118,22.6049255],[88.4538961,22.6048833],[88.4538174,22.6046727],[88.4540144,22.6045861],[88.4542423,22.6045274],[88.4541942,22.6043306],[88.4541316,22.6041903],[88.4541923,22.6041755],[88.4544199,22.6040886],[88.4544788,22.6039189],[88.4546758,22.6038323],[88.4548883,22.6037596],[88.4548881,22.6037455],[88.4547942,22.6035351],[88.4549606,22.6034347],[88.4550351,22.6032929],[88.4549565,22.6030964],[88.4550462,22.6029546],[88.4550902,22.6028132],[88.455226,22.602699],[88.4552553,22.6026],[88.455331,22.602557],[88.4555275,22.6024281],[88.4554191,22.6022883],[88.4554799,22.6022735],[88.4556922,22.6021868],[88.4556768,22.6021728],[88.455583,22.6019765],[88.4557184,22.6018341],[88.4559152,22.6017193],[88.4561119,22.6016045],[88.4563084,22.6014757],[88.4565052,22.6013609],[88.4566415,22.601289],[88.4565947,22.6012049],[88.4564858,22.6010228],[88.4566826,22.600908],[88.4568945,22.6007931],[88.4570142,22.6006086],[88.4571187,22.6004243],[88.4572229,22.6002259],[88.4573272,22.6000275],[88.4572658,22.5999858],[88.4571733,22.5999022],[88.4572029,22.5998314],[88.4573384,22.5996891],[88.4575659,22.5996022],[88.4575488,22.5994473],[88.4574865,22.5993352],[88.4575622,22.5992921],[88.4576512,22.5990939],[88.4577248,22.5988817],[88.4577985,22.5986695],[88.4579808,22.5986253],[88.4580404,22.5985119],[88.4582222,22.5984255],[88.458435,22.598381],[88.4584501,22.5983668],[88.458678,22.598308],[88.4589057,22.5982352],[88.4590271,22.5981917],[88.4589956,22.5981074],[88.4589321,22.5978967],[88.459068,22.5977966],[88.4592199,22.5977527],[88.4592512,22.5978229],[88.4594192,22.5978493],[88.4593719,22.597723],[88.459463,22.5976938],[88.4595377,22.5975662],[88.4596143,22.5976077],[88.4598289,22.5977042],[88.4599951,22.5975897],[88.4601923,22.5975172],[88.4604045,22.5974163],[88.4603716,22.5972193],[88.4604459,22.5970635],[88.4604458,22.5970494],[88.4604132,22.5968806],[88.460474,22.5968659],[88.4605944,22.5967378],[88.4606096,22.5967376],[88.460793,22.596778],[88.4607925,22.5967358],[88.4608053,22.5965383],[88.4608356,22.5965239],[88.461064,22.5965074],[88.4610923,22.5963239],[88.4611972,22.5961819],[88.4614253,22.5961372],[88.4616383,22.5961068],[88.4616227,22.5960788],[88.461544,22.5958682],[88.4614652,22.5956576],[88.461539,22.5954595],[88.4616279,22.5952472],[88.4617017,22.5950491],[88.4617601,22.5948371],[88.4618185,22.594625],[88.4618616,22.5944132],[88.4619199,22.594187],[88.461963,22.5939752],[88.4620214,22.5937632],[88.4620646,22.5935513],[88.4621083,22.5933817],[88.462123,22.5933393],[88.4621966,22.5931271],[88.462255,22.5929151],[88.4623136,22.5927171],[88.4623288,22.592717],[88.4625572,22.5927005],[88.4628007,22.5926698],[88.4629376,22.5926543],[88.4629236,22.5927531],[88.4628652,22.5929651],[88.4628068,22.5931772],[88.4627484,22.5933892],[88.4627051,22.593587],[88.4629328,22.5935141],[88.4631605,22.5934413],[88.4632846,22.5936232],[88.4633471,22.5937495],[88.4634238,22.5937909],[88.4635469,22.5938883],[88.4636075,22.5938595],[88.4638196,22.5937587],[88.4639711,22.5936866],[88.4639552,22.5936304],[88.4638612,22.59342],[88.4637826,22.5932234],[88.4637039,22.5930128],[88.4636252,22.5928022],[88.4637459,22.5927023],[88.4639892,22.5926575],[88.4642172,22.5926129],[88.4644453,22.5925682],[88.4646735,22.5925377],[88.4649168,22.5924929],[88.4650688,22.5924631],[88.4650847,22.5925194],[88.4652383,22.5926164],[88.4654059,22.5926147],[88.465437,22.5926708],[88.4655309,22.5928671],[88.4657145,22.5929357],[88.4658385,22.5931035],[88.4659171,22.5933001],[88.4659794,22.5934122],[88.4660705,22.593383],[88.4662826,22.5932822],[88.4664646,22.5932098],[88.4664795,22.5931815],[88.4666149,22.5930391],[88.4666127,22.5928559],[88.4667637,22.5927416],[88.4669758,22.5926408],[88.4671279,22.592611],[88.4672782,22.5924403],[88.4673532,22.5923409],[88.4673979,22.5922558],[88.4674573,22.5921284],[88.4675338,22.5921558],[88.4677631,22.5922098],[88.467916,22.5922505],[88.4678999,22.5921802],[88.4678362,22.5919553],[88.4678044,22.5918429],[88.4677727,22.5917446],[88.4677244,22.5915336],[88.4678299,22.5914339],[88.4677835,22.591378],[88.4676758,22.5912945],[88.4675849,22.5913377],[88.4673726,22.5914245],[88.4671603,22.5915113],[88.4671601,22.5914972],[88.467036,22.5913152],[88.4668681,22.5912888],[88.4667446,22.5911632],[88.4666851,22.5912766],[88.466626,22.5914322],[88.4664293,22.591547],[88.4662931,22.591633],[88.466262,22.5915769],[88.4661684,22.5913947],[88.4663652,22.591294],[88.4663651,22.5912799],[88.466256,22.5910837],[88.466147,22.5908875],[88.4659494,22.5909318],[88.4657373,22.5910327],[88.4655252,22.5911335],[88.4655578,22.5913164],[88.4656516,22.5915128],[88.4657304,22.5917234],[88.4658086,22.5918917],[88.4657783,22.5919061],[88.465566,22.5919929],[88.4654126,22.5919099],[88.4652887,22.591742],[88.4652734,22.5917422],[88.4650456,22.5918009],[88.4648177,22.5918597],[88.4646355,22.5919179],[88.4646513,22.59196],[88.4647148,22.5921708],[88.4647471,22.5923255],[88.4646862,22.5923261],[88.4644574,22.5923144],[88.4643051,22.592316],[88.4642888,22.5922316],[88.4642405,22.5920207],[88.4642073,22.5917955],[88.4639793,22.5918401],[88.463905,22.5919959],[88.463938,22.592207],[88.4639548,22.5923337],[88.4638635,22.5923487],[88.4636356,22.5924075],[88.4634076,22.5924521],[88.4631948,22.5924966],[88.462951,22.5924991],[88.4627224,22.5925015],[88.4625836,22.592362],[88.462505,22.5921654],[88.4624263,22.5919548],[88.4625314,22.5918269],[88.4627437,22.5917401],[88.4628329,22.591556],[88.4627549,22.5914017],[88.4628002,22.5913731],[88.462997,22.5912583],[88.4631483,22.5911722],[88.4631935,22.5911294],[88.4633748,22.5910007],[88.4635421,22.5909708],[88.4635577,22.5909988],[88.4636356,22.5911389],[88.4636962,22.5911101],[88.4639083,22.5910093],[88.4638753,22.5907982],[88.4640876,22.5907114],[88.4642845,22.5906107],[88.4644208,22.5905388],[88.4644966,22.5905099],[88.4647087,22.590409],[88.4648438,22.5902385],[88.4649953,22.5901664],[88.4650404,22.5901096],[88.4650847,22.5899964],[88.4651149,22.5899679],[88.4651299,22.5899536],[88.4653114,22.589839],[88.4653268,22.5898529],[88.4654795,22.5898795],[88.4654794,22.5898654],[88.4654472,22.5897248],[88.4655078,22.589696],[88.4656893,22.5895814],[88.4657043,22.5895671],[88.4657331,22.5894259],[88.4657785,22.5893972],[88.4658872,22.5895652],[88.4659786,22.5895643],[88.4659783,22.5895361],[88.4660086,22.5895217],[88.4662207,22.5894209],[88.466433,22.5893341],[88.4665695,22.5892763],[88.4666458,22.5892896],[88.4666611,22.5892894],[88.4667515,22.5892039],[88.4668578,22.5891747],[88.467055,22.5891021],[88.4670701,22.5890879],[88.4672827,22.5890293],[88.467298,22.5890292],[88.4675263,22.5890127],[88.4676936,22.5889828],[88.4676928,22.5889123],[88.4679052,22.5888397],[88.4679492,22.5886983],[88.4679796,22.5886838],[88.4682074,22.5886251],[88.4683461,22.5887505],[88.4684551,22.5889467],[88.4686832,22.5889021],[88.4689112,22.5888575],[88.4691086,22.588799],[88.4691242,22.5888271],[88.469218,22.5890234],[88.4693724,22.589191],[88.4695861,22.5892169],[88.4696015,22.5892309],[88.4696953,22.5894272],[88.4697891,22.5896236],[88.4698831,22.589834],[88.4700659,22.5898322],[88.4700341,22.5897197],[88.4701406,22.5897045],[88.4702928,22.5896889],[88.4702461,22.5896048],[88.4701523,22.5894084],[88.4700585,22.5892121],[88.4700114,22.5890998],[88.469995,22.5890013],[88.4699772,22.5887901],[88.4701741,22.5886894],[88.4702484,22.5885335],[88.4701854,22.5883651],[88.4701397,22.5883655],[88.4700169,22.5882963],[88.4699856,22.5882262],[88.4698932,22.5881426],[88.4698769,22.5880582],[88.4697684,22.5879042],[88.4697379,22.5879046],[88.4697226,22.5879047],[88.469584,22.5877793],[88.4695052,22.5875687],[88.4694729,22.587414],[88.4695337,22.5873993],[88.4697004,22.5873271],[88.469746,22.5873125],[88.4698828,22.5872829],[88.4698513,22.5871986],[88.4698032,22.5870018],[88.4697878,22.5869879],[88.4696638,22.58682],[88.4696486,22.5868202],[88.469525,22.5866805],[88.469432,22.5865546],[88.4693865,22.5865692],[88.4691586,22.5866279],[88.4689307,22.5866866],[88.4687335,22.5867592],[88.4687333,22.5867451],[88.4686395,22.5865487],[88.4686245,22.586563],[88.4684431,22.5866917],[88.4682617,22.5868063],[88.4682618,22.5868204],[88.4682949,22.5870315],[88.4682796,22.5870317],[88.4680516,22.5870763],[88.4678234,22.5871068],[88.4675953,22.5871515],[88.4675951,22.5871374],[88.4675012,22.5869269],[88.4672724,22.5869152],[88.4671636,22.5867331],[88.4670848,22.5865225],[88.4670062,22.586326],[88.4669275,22.5861154],[88.4668335,22.5859049],[88.4667705,22.5857364],[88.4667402,22.5857508],[88.4665124,22.5858096],[88.4662846,22.5858824],[88.4660568,22.5859411],[88.4658291,22.586014],[88.4656012,22.5860727],[88.4654798,22.5861162],[88.4655265,22.5862003],[88.4656356,22.5863965],[88.4657444,22.5865786],[88.4658687,22.5867747],[88.4659778,22.5869709],[88.4660868,22.5871671],[88.4661957,22.5873492],[88.4662737,22.5875034],[88.4663344,22.5874746],[88.4664273,22.5876005],[88.4664453,22.5878258],[88.4662792,22.5879544],[88.4660671,22.5880552],[88.4659614,22.5881409],[88.4658703,22.58817],[88.4656577,22.5882286],[88.4656579,22.5882427],[88.4656145,22.5884405],[88.4655841,22.5884408],[88.4653719,22.5885416],[88.4651596,22.5886284],[88.4649475,22.5887293],[88.4647352,22.588816],[88.4645231,22.5889169],[88.464571,22.5890996],[88.4644044,22.5891859],[88.4644203,22.5892421],[88.4642542,22.5893707],[88.4640575,22.5894855],[88.463861,22.5896144],[88.4636644,22.5897433],[88.463452,22.5898159],[88.4632085,22.5898466],[88.4629803,22.5898772],[88.4628433,22.5898927],[88.4627522,22.5899218],[88.4625245,22.5899946],[88.4622968,22.5900675],[88.4620843,22.5901401],[88.4619306,22.590029],[88.4618368,22.5898326],[88.4617587,22.5896784],[88.4616981,22.5897072],[88.4614857,22.5897799],[88.4614571,22.5899352],[88.4615661,22.5901314],[88.4616442,22.5902856],[88.461614,22.5903141],[88.4614173,22.5904289],[88.4612208,22.5905578],[88.4610997,22.5906295],[88.4610242,22.5906867],[88.4608429,22.5908154],[88.4606617,22.5909582],[88.460496,22.591115],[88.4603303,22.5912717],[88.4601489,22.5914005],[88.459937,22.5915154],[88.4597403,22.5916302],[88.4595435,22.591745],[88.4593314,22.5918459],[88.4592078,22.5917062],[88.4591142,22.5915239],[88.4590988,22.59151],[88.4590656,22.5912848],[88.4590325,22.5910737],[88.4589993,22.5908486],[88.4589816,22.5906373],[88.4589485,22.5904262],[88.4589153,22.5902011],[88.4587017,22.5901751],[88.4584738,22.5902338],[88.458337,22.5902634],[88.4582459,22.5902926],[88.4580182,22.5903654],[88.4578057,22.590438],[88.4578056,22.590424],[88.4576815,22.590242],[88.4575573,22.5900601],[88.4574483,22.5898639],[88.4573393,22.5896677],[88.4572454,22.5894713],[88.4571364,22.5892751],[88.4570274,22.5890789],[88.4569183,22.5888827],[88.4568093,22.5886865],[88.4566852,22.5885045],[88.4565157,22.5883513],[88.4563613,22.5881837],[88.4561332,22.5882283],[88.4559053,22.5882871],[88.4556775,22.5883458],[88.4554496,22.5884046],[88.4552217,22.5884633],[88.4549938,22.588522],[88.4547661,22.5885948],[88.4545533,22.5886393],[88.4545382,22.5886536],[88.4543415,22.5887684],[88.454145,22.5888973],[88.4539484,22.5890261],[88.4537517,22.5891409],[88.4535551,22.5892698],[88.4533584,22.5893846],[88.4531619,22.5895135],[88.4529651,22.5896283],[88.4527686,22.5897572],[88.4525719,22.589872],[88.4523753,22.5900008],[88.4521788,22.5901297],[88.451982,22.5902445],[88.4518158,22.590359],[88.4517853,22.5903593],[88.4515728,22.590432],[88.4513451,22.5905048],[88.4511782,22.5905629],[88.4511176,22.5905917],[88.4509051,22.5906644],[88.4506776,22.5907513],[88.4504497,22.59081],[88.450222,22.5908829],[88.4499936,22.5908993],[88.4497649,22.5908876],[88.4495207,22.5908619],[88.449292,22.5908502],[88.449048,22.5908386],[88.4488193,22.5908269],[88.4487562,22.5906443],[88.448723,22.5904191],[88.4486899,22.5902081],[88.4484465,22.5902388],[88.4482181,22.5902552],[88.44819,22.5904528],[88.448208,22.5906782],[88.4482103,22.5908755],[88.4481951,22.5908756],[88.4479669,22.5909062],[88.4477233,22.5909228],[88.4474949,22.5909392],[88.4472665,22.5909557],[88.4472663,22.5909416],[88.4472483,22.5907163],[88.4472306,22.590505],[88.4472126,22.5902797],[88.4474406,22.5902351],[88.4475927,22.5902053],[88.4475918,22.5901348],[88.4475745,22.5899659],[88.4475893,22.5899234],[88.4474968,22.5898398],[88.447253,22.5898423],[88.4470246,22.5898588],[88.446781,22.5898754],[88.4465526,22.5898919],[88.4464636,22.5900901],[88.4464814,22.5903013],[88.4465298,22.5905264],[88.446348,22.5906128],[88.4462583,22.5907547],[88.4460306,22.5908275],[88.4458181,22.5909002],[88.4455904,22.590973],[88.4453627,22.5910458],[88.445135,22.5911187],[88.4449225,22.5911913],[88.4447554,22.5912353],[88.4446946,22.5912501],[88.4444667,22.5913088],[88.4442539,22.5913533],[88.4442695,22.5913813],[88.4443025,22.5915924],[88.4443193,22.5917191],[88.444366,22.5918032],[88.4444901,22.5919851],[88.4445384,22.592196],[88.4445562,22.5924073],[88.4446197,22.592618],[88.4446832,22.5928288],[88.4445324,22.5929572],[88.4443202,22.5930581],[88.4441081,22.5931589],[88.4439112,22.5932596],[88.4436991,22.5933605],[88.4434869,22.5934613],[88.4432748,22.5935622],[88.4430627,22.593663],[88.4428506,22.5937639],[88.4426384,22.5938647],[88.4424263,22.5939656],[88.4422294,22.5940663],[88.4421248,22.5942365],[88.442097,22.5944623],[88.4420691,22.594674],[88.4420414,22.5948998],[88.4420134,22.5951115],[88.4419855,22.5953233],[88.4419578,22.5955491],[88.44176,22.5955793],[88.4415619,22.5955813],[88.4415777,22.5956235],[88.4415804,22.595849],[88.4415831,22.5960744],[88.4415857,22.5962858],[88.4415884,22.5965113],[88.4416062,22.5967226],[88.4414858,22.5968507],[88.4412576,22.5968812],[88.441014,22.5968978],[88.4407858,22.5969284],[88.4405575,22.5969589],[88.4403139,22.5969755],[88.4400857,22.5970061],[88.4399951,22.5970775],[88.4399962,22.597162],[88.4399977,22.5972889],[88.4399682,22.5973738],[88.4399098,22.5975858],[88.4398516,22.5978119],[88.4398079,22.5979815],[88.4397622,22.597982],[88.4395342,22.5980266],[88.439306,22.5980571],[88.4391675,22.5979458],[88.4391192,22.5977349],[88.4391024,22.5976082],[88.4390113,22.5976373],[88.438799,22.5977241],[88.4388131,22.5976253],[88.4387973,22.5975832],[88.4387491,22.5973723],[88.4387008,22.5971613],[88.4386373,22.5969506],[88.4385889,22.5967255],[88.438771,22.5966673],[88.4389231,22.5966375],[88.4389393,22.5967219],[88.4391679,22.5967196],[88.4393961,22.596689],[88.4394853,22.5965049],[88.4395285,22.596293],[88.4395721,22.5961234],[88.4395716,22.5960811],[88.4395234,22.5958702],[88.4393993,22.5956883],[88.4393063,22.5955624],[88.4393055,22.5954919],[88.4392877,22.5952807],[88.4392545,22.5950555],[88.4392214,22.5948444],[88.4391427,22.5946338],[88.4389742,22.5945651],[88.4387464,22.5946238],[88.4385185,22.5946825],[88.4383949,22.5945429],[88.4383161,22.5943323],[88.4382223,22.5941359],[88.4381597,22.5939956],[88.4382355,22.5939666],[88.438448,22.5938939],[88.4385983,22.5937233],[88.4386567,22.5935112],[88.4387151,22.5932992],[88.4386973,22.593088],[88.4385741,22.5929765],[88.4385736,22.5929342],[88.438571,22.5927228],[88.4385683,22.5924973],[88.4385505,22.5922861],[88.4385325,22.5920608],[88.4385147,22.5918495],[88.438512,22.591624],[88.4385247,22.5914125],[88.4385067,22.5911871],[88.4383686,22.591104],[88.4382303,22.5910068],[88.4382279,22.5908095],[88.4381974,22.5908098],[88.4381193,22.5906555],[88.4381473,22.5904438],[88.4383755,22.5904133],[88.4384498,22.5902575],[88.4384625,22.5900459],[88.438475,22.5898203],[88.4383065,22.5897515],[88.4382584,22.5895547],[88.438241,22.5893717],[88.4382713,22.5893572],[88.4384993,22.5893126],[88.4385892,22.5891848],[88.4386795,22.5890852],[88.4386634,22.5890149],[88.4386304,22.5888038],[88.438736,22.5887182],[88.4387507,22.5886757],[88.4387944,22.5885062],[88.4387939,22.5884639],[88.4388069,22.5882805],[88.4388372,22.5882661],[88.4390495,22.5881793],[88.4392618,22.5880926],[88.4394893,22.5880057],[88.4396561,22.5879335],[88.4397016,22.5879189],[88.4399295,22.5878602],[88.4401576,22.5878155],[88.4403855,22.5877568],[88.4406132,22.587684],[88.4408409,22.5876111],[88.4409623,22.5875676],[88.4409611,22.5874689],[88.4409737,22.5872574],[88.4409863,22.5870317],[88.4409993,22.5868484],[88.4409989,22.5868202],[88.4409659,22.5866091],[88.4409327,22.5863839],[88.4408845,22.586173],[88.4408513,22.5859478],[88.4408335,22.5857366],[88.4408155,22.5855113],[88.4407981,22.5853282],[88.4407977,22.5853],[88.4407647,22.5850889],[88.4407163,22.5848639],[88.4407289,22.5846524],[88.4407415,22.5844267],[88.4407541,22.5842152],[88.4408752,22.5841435],[88.4411048,22.5842257],[88.4413189,22.5842939],[88.4413944,22.5842368],[88.4414703,22.5842078],[88.4416828,22.5841351],[88.4418336,22.5840067],[88.4418776,22.5838653],[88.4418766,22.5837807],[88.4418593,22.5836118],[88.4418893,22.5835692],[88.4419937,22.5833849],[88.4420069,22.5832156],[88.4420064,22.5831733],[88.4422339,22.5830864],[88.4422013,22.5829035],[88.442186,22.5829037],[88.4420165,22.5827504],[88.4419683,22.5825394],[88.44192,22.5823285],[88.4420561,22.5822425],[88.4422999,22.58224],[88.4425283,22.5822236],[88.4427416,22.5822214],[88.4427719,22.582207],[88.4429687,22.5820922],[88.4431965,22.5820334],[88.4434248,22.5820029],[88.4436685,22.5820004],[88.443867,22.5820265],[88.4438973,22.5820121],[88.444125,22.5819393],[88.4443527,22.5818665],[88.4445806,22.5818077],[88.4448086,22.5817631],[88.4450367,22.5817184],[88.4452801,22.5816877],[88.4454928,22.5816292],[88.4457205,22.5815563],[88.4459484,22.5814976],[88.4461764,22.581453],[88.4464195,22.5813941],[88.4465279,22.5815339],[88.4466657,22.5815888],[88.4466806,22.5815605],[88.4467237,22.5813486],[88.4467676,22.5811931],[88.4467061,22.5811515],[88.4465218,22.5810265],[88.4463372,22.5808875],[88.4461376,22.5807627],[88.4460135,22.5805808],[88.4459044,22.5803846],[88.4458419,22.5802584],[88.4457658,22.5802591],[88.4455221,22.5802758],[88.4452939,22.5803063],[88.4452311,22.5801519],[88.4452006,22.5801522],[88.4451085,22.5800968],[88.4451998,22.5800818],[88.4451974,22.5798845],[88.445149,22.5796594],[88.4451317,22.5794905],[88.4451312,22.5794482],[88.4451438,22.5792366],[88.4451108,22.5790256],[88.4451261,22.5790254],[88.4452478,22.5790101],[88.4452315,22.5789257],[88.4452136,22.5787003],[88.4451805,22.5784892],[88.4451633,22.5783203],[88.4451932,22.5782777],[88.4453744,22.5781349],[88.4455401,22.5779781],[88.4456305,22.5778926],[88.4457058,22.5778214],[88.4458716,22.5776646],[88.4460373,22.5775078],[88.4462031,22.5773511],[88.446369,22.5772084],[88.4465347,22.5770517],[88.4466854,22.5769092],[88.4467003,22.5768808],[88.4468354,22.5767103],[88.446955,22.5765258],[88.44709,22.5763412],[88.4472249,22.5761566],[88.4473446,22.5759721],[88.4474949,22.5758014],[88.4476606,22.5756447],[88.4478264,22.5754879],[88.4479618,22.5753456],[88.4479774,22.5753736],[88.4480714,22.575584],[88.4482539,22.575554],[88.4484814,22.575467],[88.4485247,22.5752693],[88.4485374,22.5750577],[88.4487499,22.574985],[88.4489774,22.5748981],[88.4490245,22.5750104],[88.4490397,22.5750102],[88.4492686,22.5750361],[88.4495128,22.5750617],[88.4497417,22.5750876],[88.44985,22.5752274],[88.4500339,22.57531],[88.4502476,22.575336],[88.4502474,22.5753219],[88.4502753,22.5751102],[88.4504423,22.5750521],[88.4506713,22.575092],[88.4507497,22.5752745],[88.4509036,22.5753997],[88.4511325,22.5754256],[88.4513767,22.5754512],[88.4516056,22.575477],[88.4518346,22.575517],[88.4520788,22.5755426],[88.4523077,22.5755685],[88.4525518,22.5755941],[88.4527653,22.575606],[88.4527626,22.5753805],[88.4529292,22.5752942],[88.4529424,22.575125],[88.4530033,22.5751243],[88.4532312,22.5750656],[88.4533526,22.5750221],[88.4534597,22.5750632],[88.4536739,22.5751315],[88.4539033,22.5751996],[88.4541327,22.5752677],[88.4543469,22.575336],[88.4545763,22.5754041],[88.4548057,22.5754722],[88.4550351,22.5755403],[88.4552493,22.5756085],[88.4554784,22.5756485],[88.4557217,22.5756037],[88.4559496,22.5755449],[88.4561319,22.5755008],[88.456162,22.5754723],[88.4559929,22.5753471],[88.4557782,22.5752366],[88.4555637,22.5751402],[88.4554399,22.5749864],[88.4553459,22.5747759],[88.4552521,22.5745796],[88.4551582,22.5743691],[88.4550955,22.5742288],[88.4551715,22.574214],[88.4553996,22.5741693],[88.4556278,22.5741388],[88.4558406,22.5740943],[88.4558557,22.57408],[88.456068,22.5739933],[88.4562801,22.5738924],[88.4564922,22.5737916],[88.456659,22.5737194],[88.4567198,22.5737046],[88.456948,22.5736741],[88.457176,22.5736295],[88.4574193,22.5735847],[88.457632,22.5735261],[88.4578595,22.5734392],[88.458072,22.5733665],[88.4581155,22.5731828],[88.4580975,22.5729575],[88.4580797,22.5727462],[88.4579116,22.5727057],[88.4577592,22.5727073],[88.4576827,22.5726799],[88.4574683,22.5725975],[88.4572538,22.5725011],[88.4572362,22.5723039],[88.4572641,22.5720922],[88.4572767,22.5718666],[88.4572898,22.5716973],[88.4573356,22.5716968],[88.4575794,22.5716943],[88.4578079,22.5716919],[88.4580365,22.5716896],[88.4580519,22.5717035],[88.4582806,22.5717152],[88.4585247,22.5717409],[88.4587536,22.5717667],[88.4589978,22.5717924],[88.4592269,22.5718323],[88.4594558,22.5718581],[88.4596999,22.5718838],[88.4599286,22.5718955],[88.4601567,22.5718509],[88.4603688,22.57175],[88.4605808,22.5716351],[88.4607016,22.5715493],[88.4607621,22.5715064],[88.4609586,22.5713775],[88.4610478,22.5711933],[88.4611828,22.5710087],[88.4613485,22.5708519],[88.4614684,22.5706816],[88.4615879,22.570483],[88.4616317,22.5703275],[88.4616007,22.5702856],[88.4614614,22.5701038],[88.4614901,22.5699625],[88.4614593,22.5699346],[88.4613655,22.5697383],[88.4612565,22.5695421],[88.4610721,22.5694171],[88.4609028,22.5692779],[88.4607181,22.5691248],[88.4606102,22.5690273],[88.4605789,22.5689571],[88.4605154,22.5687463],[88.4606515,22.5686604],[88.4606358,22.5686182],[88.4605572,22.5684217],[88.4604784,22.5682111],[88.4604312,22.5680847],[88.460507,22.5680558],[88.4607348,22.5679829],[88.4609625,22.5679101],[88.4611597,22.5678376],[88.4611753,22.5678656],[88.4612378,22.5679918],[88.4613136,22.5679629],[88.4614672,22.56806],[88.461561,22.5682563],[88.46167,22.5684525],[88.4617791,22.5686487],[88.4619323,22.5687176],[88.46216,22.5686448],[88.4622814,22.5686012],[88.4623584,22.5686709],[88.4625257,22.568641],[88.462661,22.5684846],[88.462676,22.5684703],[88.4628727,22.5683555],[88.4630693,22.5682266],[88.4631751,22.5681551],[88.463235,22.5680699],[88.4633701,22.5678993],[88.4634753,22.5677714],[88.4634898,22.5677149],[88.4635335,22.5675453],[88.4635788,22.5675166],[88.46376,22.5673738],[88.4638651,22.5672459],[88.4638934,22.5670623],[88.4638778,22.5670343],[88.4639213,22.5668506],[88.4640561,22.5666519],[88.4641309,22.5665384],[88.4642074,22.5665658],[88.4643428,22.5664234],[88.4643579,22.5664092],[88.4644315,22.566197],[88.4645053,22.5659989],[88.4645942,22.5657866],[88.464668,22.5655885],[88.4647735,22.5654887],[88.464788,22.5654322],[88.4648464,22.5652202],[88.4648896,22.5650083],[88.464948,22.5647963],[88.4649768,22.564655],[88.4650684,22.5646682],[88.4651302,22.564738],[88.465237,22.564751],[88.4652653,22.5645675],[88.4652778,22.5643418],[88.4652752,22.5641304],[88.4652877,22.5639048],[88.465285,22.5636793],[88.4652979,22.5634818],[88.4652977,22.5634678],[88.4653102,22.5632421],[88.4653381,22.5630304],[88.4653366,22.5629036],[88.4653354,22.5628049],[88.4653024,22.5625938],[88.4652846,22.5623826],[88.4653901,22.5622828],[88.4653899,22.5622687],[88.4653575,22.562114],[88.4654336,22.5620992],[88.4656616,22.5620545],[88.4658287,22.5620105],[88.465828,22.5619541],[88.465795,22.561743],[88.4659313,22.5616712],[88.4659304,22.5616007],[88.4659438,22.5614455],[88.4658676,22.5614463],[88.4656389,22.5614346],[88.4655452,22.5612523],[88.465497,22.5610414],[88.4654648,22.5609008],[88.4655561,22.5608857],[88.4655999,22.5607302],[88.4655212,22.5605196],[88.4654424,22.560309],[88.4653793,22.5601264],[88.4653943,22.5601122],[88.4656376,22.5600674],[88.4658655,22.5600087],[88.4660934,22.5599499],[88.4663212,22.5598912],[88.4664599,22.5600166],[88.4664601,22.5600307],[88.4664779,22.5602419],[88.4665111,22.5604671],[88.4665746,22.5606779],[88.4666228,22.5608888],[88.4666711,22.5610997],[88.4666891,22.5613251],[88.4666904,22.5614378],[88.4667216,22.5614939],[88.4667524,22.5615217],[88.4669513,22.5615902],[88.4670592,22.5616877],[88.4670619,22.5619132],[88.4668797,22.5619715],[88.466865,22.5620139],[88.4668066,22.5622259],[88.4668237,22.5623808],[88.4668244,22.5624372],[88.4668727,22.5626481],[88.4668881,22.562662],[88.4669057,22.5628592],[88.4668473,22.5630712],[88.4668346,22.5632827],[88.4668209,22.5634097],[88.4669279,22.5634368],[88.467096,22.5634774],[88.4671119,22.5635336],[88.4671602,22.5637445],[88.4671924,22.5638851],[88.4671159,22.5638577],[88.4669024,22.5638458],[88.4667656,22.5638754],[88.466674,22.5638623],[88.4664297,22.5638225],[88.4664016,22.5640201],[88.4664043,22.5642456],[88.4664069,22.564457],[88.4663932,22.564584],[88.4663021,22.5646131],[88.4661822,22.5647835],[88.4661238,22.5649956],[88.4660502,22.5652077],[88.4659764,22.5654058],[88.4659324,22.5655472],[88.4659634,22.5655892],[88.4659331,22.5656036],[88.4657981,22.5657882],[88.4657082,22.565916],[88.4656478,22.5659589],[88.4657404,22.5660566],[88.465801,22.5660278],[88.4660296,22.5660254],[88.466032,22.5662227],[88.4661554,22.5663483],[88.4663684,22.5663179],[88.4663836,22.5663178],[88.4666125,22.5663436],[88.46675,22.5663704],[88.4667204,22.5664412],[88.4666464,22.5666251],[88.4666467,22.5666533],[88.4666645,22.5668646],[88.466728,22.5670753],[88.4668218,22.5672717],[88.4668244,22.5674831],[88.4666427,22.5675836],[88.4665061,22.5676273],[88.4665679,22.5676972],[88.4667823,22.5677795],[88.4669964,22.5678478],[88.4671044,22.5679594],[88.4671806,22.5679586],[88.4674241,22.5679279],[88.467622,22.5679118],[88.4676523,22.5678974],[88.4678802,22.5678387],[88.4679704,22.5677391],[88.4680312,22.5677243],[88.4682596,22.5677079],[88.4684724,22.5676634],[88.4684722,22.5676493],[88.4684544,22.5674381],[88.4684377,22.5673114],[88.4685294,22.5673386],[88.4687282,22.5673929],[88.4687588,22.5674067],[88.4690031,22.5674465],[88.4692314,22.5674159],[88.4693546,22.5675274],[88.4693877,22.5677385],[88.4694359,22.5679494],[88.4694529,22.5680902],[88.4694844,22.5681744],[88.4695629,22.568371],[88.4696417,22.5685816],[88.469705,22.5687782],[88.4696898,22.5687784],[88.4697064,22.568891],[88.4696461,22.568948],[88.4697399,22.5691443],[88.4698642,22.5693404],[88.4700766,22.5692677],[88.4701977,22.569196],[88.4702746,22.5692516],[88.4702908,22.569336],[88.4703221,22.5694061],[88.4704161,22.5696166],[88.4704788,22.5697569],[88.4705392,22.569714],[88.4707359,22.5695992],[88.4708285,22.5696969],[88.4707833,22.5697396],[88.4707703,22.569923],[88.4708944,22.570105],[88.4710026,22.5702307],[88.4710487,22.5702584],[88.4712634,22.570369],[88.4714628,22.5704796],[88.4716773,22.5705761],[88.471892,22.5706866],[88.4720913,22.5707832],[88.472306,22.5708938],[88.4725052,22.5709904],[88.4727199,22.5711009],[88.4729194,22.5712116],[88.4731188,22.5713223],[88.4733335,22.5714329],[88.4735329,22.5715436],[88.4737476,22.5716541],[88.4739471,22.5717648],[88.4741316,22.5719038],[88.4743011,22.5720571],[88.4744704,22.5721963],[88.4746399,22.5723496],[88.4747457,22.5722781],[88.4748376,22.5723194],[88.4750066,22.5724304],[88.4750373,22.5724442],[88.4751759,22.5725696],[88.4752061,22.5725411],[88.4753872,22.5723983],[88.4755375,22.5722276],[88.475505,22.5720588],[88.4755049,22.5720447],[88.4754874,22.5718616],[88.4755025,22.5718474],[88.475653,22.5716908],[88.4755754,22.5715788],[88.4756205,22.571522],[88.475771,22.5713654],[88.4756167,22.5712119],[88.4754472,22.5710587],[88.4753395,22.5709752],[88.4752478,22.570948],[88.4751255,22.570921],[88.4750487,22.5708654],[88.4749102,22.5707541],[88.4749554,22.5707114],[88.4750608,22.5706116],[88.4749992,22.5705559],[88.4747996,22.5704311],[88.4747979,22.5702901],[88.4749035,22.5702045],[88.4748267,22.5701489],[88.4746271,22.5700241],[88.4744428,22.5699133],[88.4744276,22.5699134],[88.4742581,22.5697601],[88.4740736,22.5696211],[88.473889,22.569482],[88.4737195,22.5693287],[88.4735658,22.5692176],[88.4735959,22.5691891],[88.4737927,22.5690743],[88.4737925,22.5690602],[88.4736533,22.5688925],[88.4737281,22.568779],[88.4739559,22.5687061],[88.4740925,22.5686624],[88.4740762,22.568578],[88.4740278,22.568353],[88.4739949,22.568156],[88.4739795,22.5681421],[88.4737503,22.5680881],[88.4737327,22.5678909],[88.4737313,22.5677782],[88.4738378,22.567763],[88.4740509,22.5677467],[88.4740506,22.5677185],[88.4740328,22.5675073],[88.4742463,22.5675192],[88.4744754,22.5675591],[88.4744752,22.567545],[88.4744879,22.5673334],[88.4746548,22.5672753],[88.4748988,22.5672869],[88.4751275,22.5672986],[88.4753566,22.5673386],[88.475416,22.5672111],[88.475398,22.5669858],[88.4753802,22.5667745],[88.4753631,22.5666197],[88.4754239,22.5666049],[88.4755915,22.5666032],[88.4755905,22.5665186],[88.4755575,22.5663076],[88.4755558,22.5661666],[88.475647,22.5661516],[88.4758751,22.566107],[88.4760271,22.5660772],[88.4759805,22.5660072],[88.4758867,22.5658108],[88.4758244,22.5656987],[88.4757626,22.5656289],[88.4755935,22.5655038],[88.4754543,22.5653361],[88.4752264,22.5653948],[88.4749982,22.5654254],[88.4747698,22.5654418],[88.4746329,22.5654573],[88.474556,22.5654017],[88.4743714,22.5652627],[88.4742776,22.5650664],[88.4741837,22.5648559],[88.4741208,22.5647015],[88.4740899,22.5646595],[88.4739811,22.5644915],[88.4739661,22.5645058],[88.4737841,22.5645781],[88.4737685,22.5645501],[88.4736006,22.5645236],[88.4735262,22.5646795],[88.4734817,22.5647786],[88.4733752,22.5647938],[88.473147,22.5648243],[88.4729034,22.5648409],[88.4726747,22.5648292],[88.4724764,22.5648172],[88.4724463,22.5648457],[88.4722328,22.5648338],[88.4720034,22.5647657],[88.4718498,22.5646686],[88.4717111,22.5645432],[88.4716959,22.5645433],[88.4714668,22.5645034],[88.4712378,22.5644635],[88.4710698,22.564437],[88.4710537,22.5643667],[88.4710368,22.564226],[88.4710207,22.5641556],[88.4709267,22.5639452],[88.4708632,22.5637344],[88.4707997,22.5635237],[88.470571,22.5635119],[88.4703424,22.5635143],[88.4703092,22.5632891],[88.4704912,22.5632168],[88.4704909,22.5631886],[88.4704426,22.5629777],[88.4704258,22.562851],[88.4705171,22.5628359],[88.4707145,22.5627775],[88.4707303,22.5628196],[88.4708982,22.5628461],[88.4710653,22.5628021],[88.4710494,22.5627459],[88.4710009,22.5625209],[88.4711674,22.5624205],[88.4711806,22.5622512],[88.4711323,22.5620403],[88.4710686,22.5618154],[88.4710051,22.5616046],[88.4712178,22.5615461],[88.4714458,22.5615014],[88.4716586,22.5614569],[88.4716739,22.5614568],[88.4719017,22.5613981],[88.4721294,22.5613252],[88.4723573,22.5612665],[88.472585,22.5611937],[88.4727973,22.5611069],[88.473025,22.5610341],[88.4732373,22.5609473],[88.4733763,22.5611009],[88.4734854,22.5612971],[88.4734261,22.5614387],[88.4732294,22.5615535],[88.473063,22.5616539],[88.4730635,22.5616961],[88.4730657,22.5618794],[88.4730965,22.5619072],[88.4732207,22.5620892],[88.4733448,22.5622711],[88.4734364,22.5622843],[88.4734983,22.5623682],[88.4736224,22.5625501],[88.4737618,22.5627319],[88.4739011,22.5629137],[88.4739027,22.5630406],[88.4739338,22.5630966],[88.4740579,22.5632786],[88.4742249,22.5632205],[88.474394,22.5633456],[88.4745482,22.563499],[88.474641,22.5636108],[88.4747167,22.5635678],[88.4749288,22.5634669],[88.4751259,22.5633803],[88.4751413,22.5633942],[88.4752805,22.5635619],[88.4753579,22.5636598],[88.475464,22.5636164],[88.4756763,22.5635297],[88.4758886,22.5634429],[88.4761007,22.563342],[88.4762221,22.5632985],[88.4762843,22.5633965],[88.4762403,22.5635379],[88.4762557,22.5635519],[88.4763178,22.5636499],[88.476425,22.5636911],[88.4765479,22.5637744],[88.4765945,22.5638444],[88.4767033,22.5640265],[88.4768276,22.5642225],[88.4769053,22.5643486],[88.4768449,22.5643915],[88.4768778,22.5645885],[88.4769413,22.5647992],[88.4770048,22.56501],[88.4770683,22.5652208],[88.4771318,22.5654315],[88.4771953,22.5656423],[88.4772588,22.565853],[88.4773375,22.5660637],[88.4774904,22.5661044],[88.4775061,22.5661465],[88.4775241,22.5663718],[88.4775568,22.5665547],[88.4775873,22.5665544],[88.4777997,22.5664817],[88.4780274,22.5664089],[88.4782399,22.5663362],[88.4782401,22.5663503],[88.4783188,22.5665609],[88.4784715,22.5665875],[88.4786992,22.5665147],[88.4787583,22.5663591],[88.4788171,22.5661752],[88.4789826,22.5660044],[88.4788738,22.5658223],[88.4787647,22.5656261],[88.4786868,22.5654859],[88.4786557,22.5654299],[88.4785619,22.5652335],[88.4784984,22.5650227],[88.4784506,22.5648541],[88.4784499,22.5647977],[88.4784321,22.5645865],[88.4784142,22.5643612],[88.4783969,22.5641922],[88.4783964,22.5641499],[88.4783632,22.5639247],[88.4783454,22.5637135],[88.4783579,22.5634879],[88.4783554,22.5632765],[88.4783687,22.5631213],[88.4784295,22.5631066],[88.4786731,22.5630899],[88.4789013,22.5630594],[88.478976,22.5629318],[88.4789127,22.5627351],[88.4789279,22.5627349],[88.4790798,22.5626911],[88.4790637,22.5626208],[88.4791996,22.5625207],[88.4794273,22.5624479],[88.4794095,22.5622367],[88.4794232,22.5621097],[88.4794073,22.5620534],[88.4793741,22.5618283],[88.4793574,22.5617016],[88.479433,22.5616585],[88.4796452,22.5615577],[88.4798421,22.561457],[88.4799201,22.5616112],[88.4799811,22.5616106],[88.480194,22.5615802],[88.4802093,22.56158],[88.4804372,22.5615213],[88.4805878,22.5613788],[88.4806031,22.5613786],[88.4808155,22.561306],[88.4810431,22.561219],[88.4812716,22.5612167],[88.4814394,22.561229],[88.4815005,22.5612425],[88.4816844,22.5613252],[88.4817299,22.5613106],[88.4819279,22.5612945],[88.4819582,22.5612801],[88.4821705,22.5611933],[88.4823985,22.5611487],[88.482642,22.561118],[88.4828705,22.5611156],[88.4830998,22.5611696],[88.4833129,22.5611533],[88.4834175,22.5609831],[88.4836298,22.5608963],[88.4836591,22.5607974],[88.483735,22.5607684],[88.4839473,22.5606816],[88.484099,22.5606237],[88.4841597,22.560609],[88.484403,22.5605642],[88.4845703,22.5605342],[88.4846312,22.5605336],[88.4848447,22.5605455],[88.48486,22.5605453],[88.4850724,22.5604727],[88.4850877,22.5604725],[88.4852243,22.5604288],[88.4852555,22.5604849],[88.4852858,22.5604705],[88.4854215,22.5603563],[88.4854669,22.5603276],[88.4856792,22.5602409],[88.4858913,22.56014],[88.4861191,22.5600672],[88.4863471,22.5600226],[88.486575,22.5599638],[88.4868029,22.5599051],[88.4869397,22.5598755],[88.4869864,22.5599596],[88.4870335,22.5600719],[88.4871247,22.5600568],[88.4873529,22.5600263],[88.4875365,22.5600808],[88.4875522,22.5601229],[88.4876157,22.5603336],[88.4876631,22.5604741],[88.4877393,22.5604733],[88.4879519,22.5604147],[88.488072,22.5602584],[88.4881151,22.5600466],[88.4879013,22.5600065],[88.4878077,22.5598242],[88.4877594,22.5596133],[88.4876959,22.5594026],[88.4876476,22.5591916],[88.4876002,22.5590512],[88.4875689,22.558981],[88.4874448,22.5587991],[88.4873672,22.5586871],[88.487351,22.5586027],[88.4873025,22.5583777],[88.4872543,22.5581668],[88.4872212,22.5579557],[88.4872033,22.5577304],[88.4871855,22.5575191],[88.4871523,22.5572939],[88.4873644,22.5571931],[88.487454,22.5570371],[88.4874513,22.5568116],[88.4874489,22.5566143],[88.4874795,22.5566281],[88.4877086,22.556668],[88.4879377,22.5567079],[88.4881669,22.556762],[88.4883814,22.5568584],[88.4883533,22.557056],[88.4885363,22.5570682],[88.4887798,22.5570375],[88.4889017,22.5570363],[88.4890089,22.5570774],[88.489177,22.557118],[88.4892378,22.5571033],[88.4894662,22.5570868],[88.4896334,22.5570569],[88.4897098,22.5570702],[88.4899231,22.557068],[88.4899385,22.5570819],[88.4901679,22.55715],[88.4903824,22.5572465],[88.4905819,22.5573572],[88.4908094,22.5572703],[88.4909306,22.5572126],[88.4909774,22.5572967],[88.4910864,22.5574929],[88.4911955,22.5576891],[88.4912893,22.5578855],[88.4914724,22.5579118],[88.4915954,22.5579951],[88.4916257,22.5579807],[88.4918378,22.5578798],[88.4920501,22.557793],[88.4922622,22.5576922],[88.4924745,22.5576054],[88.4926867,22.5575046],[88.4928231,22.5574468],[88.4928546,22.557531],[88.4930373,22.557515],[88.4931892,22.5574712],[88.4932648,22.5574281],[88.4934771,22.5573414],[88.4936893,22.5572405],[88.4938127,22.5573661],[88.4939959,22.5573924],[88.4941327,22.5573628],[88.494164,22.5574329],[88.4942275,22.5576437],[88.4943057,22.557812],[88.494336,22.5577976],[88.4945637,22.5577248],[88.4947916,22.5576661],[88.4950193,22.5575932],[88.4951712,22.5575494],[88.4952176,22.5576053],[88.4954299,22.5575185],[88.4954431,22.5573492],[88.4955328,22.5572074],[88.4957605,22.5571345],[88.4959728,22.5570478],[88.4962005,22.5569749],[88.4964282,22.5569021],[88.4966405,22.5568154],[88.4968681,22.5567284],[88.4970804,22.5566417],[88.4972927,22.5565549],[88.4974745,22.5564685],[88.4974902,22.5565106],[88.4975993,22.5567068],[88.4977234,22.5568887],[88.4978622,22.5570283],[88.497956,22.5572246],[88.4980651,22.5574208],[88.4981589,22.5576172],[88.4982527,22.5578135],[88.4983152,22.5579397],[88.4984063,22.5579106],[88.498634,22.5578378],[88.4988464,22.5577651],[88.4990741,22.5576923],[88.4992866,22.5576196],[88.4992868,22.5576337],[88.4993655,22.5578443],[88.4993975,22.5579708],[88.4994886,22.5579417],[88.4997162,22.5578548],[88.4999286,22.5577821],[88.5001563,22.5577093],[88.5003686,22.5576225],[88.5005963,22.5575497],[88.5007482,22.5575058],[88.5007643,22.5575762],[88.5008126,22.5577871],[88.5008761,22.5579978],[88.5009086,22.5581666],[88.5009694,22.5581519],[88.5011977,22.5581355],[88.501291,22.5582895],[88.5013395,22.5585146],[88.5013877,22.5587255],[88.5014512,22.5589363],[88.5016043,22.5589911],[88.5018477,22.5589603],[88.5020303,22.5589303],[88.5020458,22.5589583],[88.5021093,22.5591691],[88.5021881,22.5593797],[88.5022516,22.5595904],[88.5023303,22.5598011],[88.5023938,22.5600118],[88.5025917,22.5599957],[88.5028194,22.5599229],[88.5030473,22.5598641],[88.5032144,22.5598201],[88.5031985,22.5597639],[88.5031817,22.5596372],[88.5032726,22.559594],[88.5034091,22.5595362],[88.5035004,22.5595212],[88.5037284,22.5594765],[88.5039564,22.5594319],[88.5041845,22.5593872],[88.5041667,22.559176],[88.504119,22.5590074],[88.5040734,22.5590219],[88.5038611,22.5591087],[88.5036336,22.5591956],[88.5034213,22.5592824],[88.5034211,22.5592683],[88.503297,22.5590863],[88.5031576,22.5589045],[88.5030183,22.5587227],[88.5028942,22.5585408],[88.5027548,22.558359],[88.5028755,22.5582591],[88.5031031,22.5581722],[88.5033156,22.5580995],[88.5035431,22.5580126],[88.5036645,22.557969],[88.5037398,22.5578978],[88.5039057,22.5577551],[88.50401,22.5575567],[88.5041143,22.5573583],[88.504066,22.5571474],[88.5040177,22.5569365],[88.5039542,22.5567257],[88.5039058,22.5565007],[88.5038423,22.5562899],[88.503794,22.556079],[88.5039451,22.5559647],[88.5041728,22.5558918],[88.5041858,22.5557085],[88.5041375,22.5554976],[88.5040893,22.5552866],[88.5040571,22.555146],[88.5040258,22.5550759],[88.5039318,22.5548654],[88.5038532,22.5546689],[88.5038049,22.554458],[88.5037565,22.554233],[88.5037082,22.554022],[88.5036761,22.5538814],[88.50366,22.5538111],[88.5035965,22.5536003],[88.5035482,22.5533894],[88.5037454,22.5533169],[88.5039735,22.5532723],[88.5041423,22.5533692],[88.5042816,22.553551],[88.5044058,22.5537329],[88.5045451,22.5539147],[88.5046692,22.5540967],[88.5048086,22.5542785],[88.5050368,22.5542479],[88.5052648,22.5542033],[88.5054929,22.5541586],[88.5057363,22.5541279],[88.5059644,22.5540833],[88.5061924,22.5540387],[88.5064203,22.5539799],[88.506648,22.5539071],[88.5068757,22.5538343],[88.5070882,22.5537616],[88.5073159,22.5536888],[88.5075436,22.5536159],[88.5075414,22.5534327],[88.5076775,22.5533468],[88.5079211,22.5533302],[88.5081179,22.5532154],[88.5081002,22.5530182],[88.5080367,22.5528074],[88.507958,22.5525968],[88.5079109,22.5524846],[88.5079866,22.5524415],[88.5081987,22.5523406],[88.5084109,22.5522398],[88.5086228,22.5521248],[88.5087593,22.5520671],[88.5088197,22.5520241],[88.5090163,22.5518953],[88.5092128,22.5517664],[88.5094094,22.5516375],[88.5095907,22.5515088],[88.5097723,22.5514082],[88.5097568,22.5513802],[88.5096933,22.5511694],[88.5096298,22.5509587],[88.5095663,22.5507479],[88.5094875,22.5505373],[88.509424,22.5503265],[88.5092705,22.5502294],[88.509255,22.5502155],[88.509222,22.5500044],[88.5091738,22.5497935],[88.5091406,22.5495683],[88.5090923,22.5493574],[88.5090593,22.5491463],[88.5088304,22.5491205],[88.508602,22.549137],[88.5085737,22.5493205],[88.5083304,22.5493653],[88.5081024,22.5494099],[88.5078742,22.5494405],[88.5076309,22.5494853],[88.5074028,22.5495299],[88.5071748,22.5495745],[88.5069467,22.5496192],[88.5068099,22.5496488],[88.506718,22.5496075],[88.5065035,22.549511],[88.506289,22.5494146],[88.5060745,22.5493181],[88.5058599,22.5492217],[88.5056454,22.5491252],[88.5054309,22.5490288],[88.5052316,22.5489322],[88.5050786,22.5488774],[88.5050473,22.5488072],[88.5048778,22.5486539],[88.504755,22.5485847],[88.5047388,22.5485003],[88.5046753,22.5482896],[88.504627,22.5480786],[88.5044731,22.5479534],[88.5042437,22.5478853],[88.5040293,22.5478029],[88.5037999,22.5477348],[88.5035854,22.5476384],[88.5033709,22.5475419],[88.5031716,22.5474453],[88.5029421,22.5473631],[88.5027126,22.547295],[88.5024832,22.5472269],[88.502361,22.5472],[88.5022699,22.5472291],[88.5021485,22.5472726],[88.5021167,22.5471602],[88.5020229,22.5469639],[88.5021124,22.5468079],[88.5021407,22.5466244],[88.5020772,22.5464136],[88.5021816,22.5462293],[88.5022864,22.5460732],[88.5022861,22.546045],[88.5023597,22.5458328],[88.5024181,22.5456208],[88.5025224,22.5454224],[88.5025818,22.5452949],[88.5026114,22.5452241],[88.5026851,22.5450119],[88.5026673,22.5448007],[88.5025887,22.5446042],[88.5026474,22.5444203],[88.5027824,22.5442357],[88.5029176,22.5440793],[88.5029327,22.544065],[88.5031294,22.5439502],[88.5033417,22.5438635],[88.5034932,22.5437914],[88.5035693,22.5437765],[88.5037973,22.5437319],[88.5039942,22.5436312],[88.5041153,22.5435595],[88.5041906,22.5434882],[88.5043719,22.5433595],[88.5045534,22.5432449],[88.5045686,22.5432447],[88.5047963,22.5431719],[88.5050086,22.5430851],[88.5051603,22.5430272],[88.5052052,22.5429562],[88.5053403,22.5427857],[88.50546,22.5426012],[88.5055795,22.5424027],[88.5056838,22.5422043],[88.505788,22.5420059],[88.5058771,22.5418076],[88.5059814,22.5416092],[88.5061163,22.5414246],[88.506236,22.5412401],[88.5063863,22.5410694],[88.5065522,22.5409268],[88.5066881,22.5408267],[88.5067488,22.5407979],[88.5069455,22.5406831],[88.5071425,22.5405965],[88.5071578,22.5405963],[88.507355,22.5405238],[88.5073855,22.5405235],[88.5076134,22.5404648],[88.5078262,22.5404203],[88.5078414,22.5404201],[88.5080849,22.5403894],[88.508222,22.540388],[88.5083134,22.5403871],[88.5085569,22.5403564],[88.5087089,22.5403266],[88.5087695,22.5402978],[88.5089513,22.5402113],[88.5089817,22.5401969],[88.5091167,22.5400264],[88.5092517,22.5398418],[88.5094337,22.5397694],[88.5096631,22.5398375],[88.5098923,22.5398915],[88.5101067,22.5399739],[88.5103212,22.5400703],[88.5105355,22.5401527],[88.51075,22.5402491],[88.5109794,22.5403172],[88.5111938,22.5403996],[88.5114232,22.5404677],[88.5116221,22.5405361],[88.5116526,22.5405358],[88.5118817,22.5405757],[88.5121107,22.5406156],[88.5123549,22.5406413],[88.5125839,22.5406812],[88.5128127,22.5406929],[88.5130566,22.5407045],[88.5132854,22.5407163],[88.5135292,22.5407137],[88.5137579,22.5407255],[88.5140017,22.5407229],[88.5142301,22.5407065],[88.5144737,22.5406899],[88.5147175,22.5406874],[88.5149459,22.5406709],[88.5151897,22.5406684],[88.5154181,22.5406519],[88.5156619,22.5406494],[88.5158903,22.540633],[88.5161341,22.5406304],[88.5163625,22.540614],[88.5165905,22.5405693],[88.5168338,22.5405246],[88.5170617,22.5404658],[88.5172897,22.5404212],[88.5175178,22.5403765],[88.5177458,22.5403319],[88.517823,22.5404157],[88.5177472,22.5404446],[88.5177494,22.5406278],[88.5177519,22.5408392],[88.5177089,22.5410652],[88.517681,22.5412769],[88.5175293,22.5413349],[88.5172857,22.5413515],[88.5172874,22.5414924],[88.5173965,22.5416886],[88.5174588,22.5418007],[88.5174598,22.5418853],[88.5174625,22.5421108],[88.5174803,22.542322],[88.517483,22.5425475],[88.5175313,22.5427584],[88.5175645,22.5429836],[88.5175044,22.5430547],[88.5175357,22.5431248],[88.5176143,22.5433214],[88.5176774,22.5435039],[88.5177079,22.5435036],[88.5179512,22.5434588],[88.5181186,22.543443],[88.5181344,22.5434851],[88.5181828,22.5437101],[88.5183516,22.5438071],[88.5184603,22.5439751],[88.5184934,22.5441861],[88.5185266,22.5444113],[88.5185432,22.5445239],[88.5186649,22.5445086],[88.5188931,22.544478],[88.5190016,22.5446319],[88.5190501,22.5448569],[88.5192788,22.5448687],[88.5195075,22.5448804],[88.5196753,22.5448928],[88.5196762,22.5449632],[88.519694,22.5451745],[88.5197272,22.5453997],[88.5196989,22.5455832],[88.5197319,22.5457943],[88.5197802,22.5460052],[88.5198134,22.5462304],[88.5198616,22.5464413],[88.5200145,22.546482],[88.5201374,22.5465653],[88.5201678,22.5465509],[88.520396,22.5465203],[88.520624,22.5464757],[88.5207608,22.5464461],[88.5207772,22.5465446],[88.5209003,22.546642],[88.5209005,22.5466561],[88.5209486,22.5468529],[88.520964,22.5468668],[88.5211321,22.5469074],[88.5213602,22.5468627],[88.5215136,22.5469457],[88.5215771,22.5471565],[88.5216255,22.5473815],[88.521689,22.5475923],[88.5216916,22.5478037],[88.5215868,22.5479598],[88.5214351,22.5480177],[88.5214664,22.5480879],[88.5214982,22.5482003],[88.5213918,22.5482155],[88.5212243,22.5482313],[88.5211485,22.5482603],[88.5210269,22.5482898],[88.5210738,22.5483879],[88.5211676,22.5485843],[88.520955,22.5486429],[88.5207576,22.5487013],[88.5207577,22.5487154],[88.5208365,22.548926],[88.5209,22.5491368],[88.5209786,22.5493333],[88.521176,22.5492748],[88.5212848,22.549457],[88.5211799,22.549599],[88.5210436,22.5496709],[88.5209833,22.5497279],[88.5207866,22.5498427],[88.5207125,22.5500126],[88.5206974,22.5500268],[88.5204692,22.5500574],[88.5202259,22.5501022],[88.5199978,22.5501468],[88.5197698,22.5501914],[88.5195263,22.5502221],[88.5192983,22.5502668],[88.5190702,22.5503114],[88.5188268,22.5503421],[88.51869,22.5503717],[88.5186141,22.5504007],[88.5183866,22.5504876],[88.5182349,22.5505456],[88.5181734,22.5505039],[88.5179891,22.550379],[88.5178814,22.5502955],[88.5177905,22.5503387],[88.5175937,22.5504535],[88.5173818,22.5505685],[88.5173537,22.5507661],[88.5172641,22.5509221],[88.5170366,22.551009],[88.5168524,22.5508981],[88.516654,22.550872],[88.5164261,22.5509307],[88.5161984,22.5510036],[88.5159705,22.5510623],[88.5157729,22.5511066],[88.5157733,22.5511348],[88.5157455,22.5513606],[88.5157328,22.5515722],[88.5157051,22.551798],[88.5155851,22.5519542],[88.5155414,22.5521238],[88.5156504,22.55232],[88.5157595,22.5525162],[88.515822,22.5526424],[88.5158382,22.5527268],[88.5158865,22.5529378],[88.5159036,22.5530926],[88.5158428,22.5531074],[88.5157844,22.5533194],[88.5157413,22.5535313],[88.5156204,22.5536171],[88.5156519,22.5537013],[88.5157144,22.5538275],[88.5156385,22.5538565],[88.5155325,22.553914],[88.5156094,22.5539696],[88.5158088,22.5540803],[88.5160379,22.5541202],[88.5160555,22.5543173],[88.516224,22.554386],[88.5164676,22.5543694],[88.5166962,22.5543671],[88.5167597,22.5545778],[88.5167763,22.5546904],[88.5168829,22.5546893],[88.5171113,22.5546729],[88.517355,22.5546563],[88.5172498,22.5547842],[88.5170839,22.5549269],[88.5169028,22.5550697],[88.516737,22.5552264],[88.5165559,22.5553693],[88.5163748,22.5555121],[88.5161936,22.5556549],[88.5160428,22.5557833],[88.5160583,22.5558113],[88.5161066,22.5560223],[88.5161545,22.556205],[88.5161395,22.5562192],[88.5159429,22.5563481],[88.5157462,22.5564629],[88.5155495,22.5565777],[88.5153529,22.5567066],[88.5151562,22.5568214],[88.5151396,22.5567088],[88.5152286,22.5565106],[88.5153023,22.5562984],[88.5153761,22.5561003],[88.5154203,22.555973],[88.515329,22.555988],[88.5151465,22.5560181],[88.5151009,22.5560326],[88.5148731,22.5560914],[88.5147948,22.5559231],[88.5147312,22.5556982],[88.5148517,22.5555842],[88.5150642,22.5555115],[88.5151387,22.5553698],[88.5149844,22.5552164],[88.5149211,22.5550197],[88.5147384,22.5550357],[88.5145869,22.5551077],[88.5145559,22.5550657],[88.5144934,22.5549395],[88.5145693,22.5549106],[88.5145061,22.554728],[88.514413,22.554588],[88.5143674,22.5546026],[88.5141697,22.5546328],[88.514124,22.5546333],[88.5138963,22.5547061],[88.5137595,22.5547357],[88.5136681,22.5547366],[88.5134395,22.554739],[88.5131955,22.5547274],[88.5129988,22.5548422],[88.5128023,22.5549711],[88.5127083,22.5547606],[88.5126145,22.5545643],[88.5124166,22.5545804],[88.5122039,22.554639],[88.5121887,22.5546392],[88.5119449,22.5546417],[88.5117163,22.554644],[88.5114727,22.5546607],[88.5112441,22.554663],[88.5111548,22.5548331],[88.5111116,22.5550449],[88.5108839,22.5551178],[88.5107303,22.5550207],[88.510668,22.5549086],[88.5105771,22.5549518],[88.5103494,22.5550246],[88.5101371,22.5551114],[88.5101852,22.5553082],[88.5102487,22.555519],[88.5104921,22.5554883],[88.5107205,22.5554718],[88.5109489,22.5554554],[88.5111924,22.5554247],[88.5114208,22.5554082],[88.5114077,22.5555916],[88.5113339,22.5557897],[88.5112755,22.5560017],[88.5112171,22.5562137],[88.5112959,22.5564243],[88.5113897,22.5566207],[88.5114684,22.5568313],[88.5115307,22.5569434],[88.5115622,22.5570277],[88.5116713,22.5572239],[88.5117651,22.5574202],[88.5118741,22.5576164],[88.5118154,22.5578003],[88.5116647,22.5579428],[88.5116649,22.5579569],[88.5115911,22.5581549],[88.5116846,22.5583231],[88.5118691,22.5584622],[88.5120537,22.5586012],[88.512223,22.5587404],[88.512238,22.5587261],[88.5124659,22.5586674],[88.5126938,22.5586087],[88.5129217,22.5585499],[88.5131495,22.5584912],[88.5133773,22.5584184],[88.5136051,22.5583597],[88.5138176,22.558287],[88.5140455,22.5582282],[88.5141972,22.5581703],[88.514273,22.5581413],[88.5144697,22.5580265],[88.5146665,22.5579117],[88.514863,22.5577829],[88.515075,22.5576679],[88.5152717,22.5575531],[88.5154684,22.5574383],[88.5156806,22.5573375],[88.5158927,22.5572366],[88.5160894,22.5571218],[88.5162106,22.5570642],[88.5162272,22.5571768],[88.5162755,22.5573877],[88.5163238,22.5575986],[88.5163873,22.5578094],[88.5164355,22.5580203],[88.516484,22.5582453],[88.5165322,22.5584563],[88.5165805,22.5586672],[88.5165983,22.5588784],[88.5165705,22.5591042],[88.5165426,22.5593159],[88.5165149,22.5595417],[88.5164869,22.5597535],[88.5164133,22.5599656],[88.5163395,22.5601637],[88.5162506,22.5603761],[88.5161616,22.5605743],[88.5161025,22.56073],[88.5160725,22.5607726],[88.515953,22.5609711],[88.5158333,22.5611556],[88.5157291,22.561354],[88.5156094,22.5615385],[88.5155203,22.5617367],[88.5154315,22.5619491],[88.5153578,22.5621612],[88.515284,22.5623593],[88.5151952,22.5625717],[88.5153035,22.5627115],[88.5155031,22.5628363],[88.5155203,22.5629912],[88.5153852,22.5631617],[88.5152502,22.5633463],[88.5151153,22.5635309],[88.5149802,22.5637015],[88.5148453,22.5638861],[88.5146933,22.5639159],[88.514539,22.5637624],[88.5143846,22.5635949],[88.5142151,22.5634416],[88.5140761,22.563288],[88.5140609,22.5632881],[88.5138332,22.563361],[88.5136053,22.5634197],[88.5135592,22.563392],[88.513725,22.5632352],[88.5138907,22.5630785],[88.5140565,22.5629217],[88.5142222,22.5627649],[88.5143879,22.5626082],[88.5144783,22.5625227],[88.5144924,22.5624239],[88.5145355,22.562212],[88.5145787,22.5620001],[88.5144849,22.5618038],[88.5143608,22.5616218],[88.5142365,22.5614258],[88.5140083,22.5614563],[88.513765,22.5615011],[88.5135369,22.5615458],[88.5133089,22.5615904],[88.5131111,22.5616207],[88.5131106,22.5615784],[88.5130471,22.5613676],[88.512999,22.5611708],[88.5129989,22.5611567],[88.5129961,22.5609312],[88.5129936,22.5607198],[88.5129909,22.5604943],[88.5129883,22.5602829],[88.5129856,22.5600574],[88.512983,22.559846],[88.5129803,22.5596205],[88.5128269,22.5595376],[88.5125982,22.5595258],[88.5123541,22.5595002],[88.5121253,22.5594884],[88.5118814,22.5594769],[88.5117425,22.5593373],[88.5116182,22.5591413],[88.5115094,22.5589592],[88.5113115,22.5589753],[88.5110837,22.5590482],[88.510856,22.559121],[88.5106436,22.5591937],[88.510416,22.5592806],[88.5101883,22.5593534],[88.5101756,22.559565],[88.510177,22.5596777],[88.5100554,22.5597071],[88.509858,22.5597656],[88.5098736,22.5597936],[88.5099219,22.5600045],[88.5099854,22.5602153],[88.5100172,22.5603277],[88.5099109,22.560357],[88.509683,22.5604157],[88.5095161,22.5604738],[88.5095002,22.5604176],[88.5094214,22.560207],[88.5092386,22.5602089],[88.5090111,22.5602958],[88.508967,22.5604372],[88.5088926,22.5605789],[88.5086804,22.5606798],[88.5084685,22.5607947],[88.508287,22.5609094],[88.5080904,22.5610383],[88.5078939,22.5611671],[88.5076972,22.5612819],[88.5075006,22.5614108],[88.5075487,22.5616077],[88.5076274,22.5618183],[88.5077652,22.5618732],[88.5077808,22.5619012],[88.5078291,22.5621122],[88.5079517,22.5621673],[88.5079674,22.5622094],[88.5080309,22.5624202],[88.5080944,22.5626309],[88.5081884,22.5628414],[88.5082974,22.5630376],[88.5084065,22.5632338],[88.5085003,22.5634301],[88.5085778,22.5635421],[88.5084869,22.5635853],[88.5082748,22.5636862],[88.5081536,22.5637438],[88.5081851,22.5638281],[88.5080491,22.5639281],[88.5080495,22.5639563],[88.5081433,22.5641527],[88.5082523,22.5643489],[88.5083898,22.5643756],[88.5085864,22.5642468],[88.5087404,22.5643861],[88.5088798,22.5645679],[88.509077,22.5644954],[88.5092893,22.5644086],[88.5094864,22.564322],[88.5095167,22.5643076],[88.5097291,22.5642349],[88.509957,22.5641762],[88.5101847,22.5641034],[88.5104126,22.5640447],[88.5104751,22.5641709],[88.5105511,22.564156],[88.5107947,22.5641394],[88.5110233,22.564137],[88.5112669,22.5641204],[88.5114953,22.5641039],[88.5117389,22.5640873],[88.5119673,22.5640709],[88.5122111,22.5640684],[88.5123635,22.5640668],[88.5124238,22.5640098],[88.512607,22.5640361],[88.5127764,22.5641894],[88.5129457,22.5643286],[88.5131152,22.5644819],[88.513252,22.5644523],[88.5133441,22.5645077],[88.5135434,22.5646043],[88.5137581,22.5647148],[88.5139858,22.564642],[88.5142137,22.5645833],[88.514322,22.5647231],[88.5144008,22.5649337],[88.5144795,22.5651443],[88.5145581,22.5653408],[88.5146065,22.5655658],[88.5146548,22.5657768],[88.5147183,22.5659875],[88.5147506,22.5661422],[88.5147361,22.5661988],[88.5146472,22.5664111],[88.5146029,22.5665243],[88.5146191,22.5666087],[88.5146675,22.5668337],[88.5147311,22.5670445],[88.5147634,22.5671992],[88.5147488,22.5672558],[88.5146752,22.5674679],[88.5146463,22.5675951],[88.5146625,22.5676795],[88.5146956,22.5678906],[88.5147281,22.5680594],[88.5146981,22.568102],[88.514563,22.5682725],[88.5144281,22.5684571],[88.5142932,22.5686418],[88.5140964,22.5687565],[88.513884,22.5688292],[88.5136564,22.5689161],[88.5134441,22.5690029],[88.5132164,22.5690757],[88.5130041,22.5691625],[88.5128677,22.5692203],[88.512792,22.5692633],[88.5126107,22.5693921],[88.5124141,22.5695209],[88.5123391,22.5696204],[88.5122787,22.5696633],[88.5121124,22.5697778],[88.5121126,22.5697919],[88.5122064,22.5699882],[88.5122066,22.5700023],[88.5122244,22.5702136],[88.5122271,22.570439],[88.5122449,22.5706503],[88.5122473,22.5708476],[88.512217,22.570862],[88.5120201,22.5709627],[88.5118081,22.5710776],[88.511596,22.5711785],[88.5113991,22.5712792],[88.5112477,22.5713653],[88.5111873,22.5714082],[88.511006,22.571537],[88.5108248,22.5716798],[88.5106435,22.5718085],[88.5104472,22.5719515],[88.5103263,22.5720373],[88.5102657,22.5720661],[88.5100381,22.572153],[88.5099169,22.5722107],[88.5098414,22.5722678],[88.5096603,22.5724106],[88.5095252,22.5725812],[88.5094057,22.5727797],[88.5094993,22.572962],[88.5096386,22.5731438],[88.5097778,22.5733115],[88.5096884,22.5734816],[88.5095828,22.5735672],[88.5096446,22.5736371],[88.5098141,22.5737903],[88.5097398,22.5739462],[88.5095893,22.5741028],[88.5095891,22.5740887],[88.5094196,22.5739354],[88.5092652,22.5737678],[88.5091109,22.5736144],[88.5090183,22.5735167],[88.508943,22.5735879],[88.5088374,22.5736736],[88.5087756,22.5736038],[88.5086211,22.5734362],[88.5084667,22.5732687],[88.5083123,22.5731011],[88.5081427,22.5729337],[88.5079453,22.5729922],[88.5077634,22.5730786],[88.507779,22.5731066],[88.5079031,22.5732886],[88.5077987,22.5734729],[88.5076329,22.5736297],[88.5074518,22.5737725],[88.5072551,22.5738873],[88.5070871,22.5738608],[88.5069024,22.5737077],[88.5067945,22.5736101],[88.5067187,22.5736391],[88.5065064,22.5737259],[88.5062941,22.5738126],[88.5061285,22.5739835],[88.5060085,22.5741398],[88.5059934,22.574154],[88.5057813,22.5742549],[88.5056147,22.5743411],[88.505569,22.5743416],[88.5053396,22.5742735],[88.5051104,22.5742195],[88.504896,22.5741372],[88.5046813,22.5740266],[88.5044975,22.5739439],[88.5044822,22.5739441],[88.5042701,22.574045],[88.5040578,22.5741317],[88.5038457,22.5742326],[88.5036645,22.5743754],[88.5035895,22.5744748],[88.5035448,22.5745599],[88.5034558,22.5747581],[88.5033669,22.5749704],[88.5032774,22.5751264],[88.5033084,22.5751684],[88.5034475,22.5753361],[88.5033732,22.5754919],[88.5031919,22.5756206],[88.5029953,22.5757495],[88.5028897,22.5758352],[88.5027979,22.5758079],[88.5026754,22.5757528],[88.5025997,22.5757959],[88.5024033,22.5759389],[88.502222,22.5760676],[88.5020253,22.5761824],[88.5018287,22.5763113],[88.5016322,22.5764401],[88.5014627,22.5762868],[88.5012795,22.5762605],[88.5012641,22.5762466],[88.5011098,22.5760932],[88.5009128,22.5761798],[88.5007614,22.5762659],[88.5007304,22.5762239],[88.5006062,22.5760279],[88.500482,22.5758459],[88.5005413,22.5757044],[88.5007533,22.5755894],[88.5006901,22.5754069],[88.5005965,22.5752246],[88.5006115,22.5752103],[88.5008086,22.5751237],[88.5008084,22.5751096],[88.5007453,22.5749271],[88.5007148,22.5749274],[88.5005025,22.5750141],[88.5003811,22.5750577],[88.5003344,22.5749736],[88.5002253,22.5747774],[88.5001317,22.5745951],[88.5001469,22.574595],[88.5003746,22.5745221],[88.5005719,22.5744496],[88.5005874,22.5744777],[88.500666,22.5746742],[88.500849,22.5746864],[88.50091,22.5746857],[88.5011385,22.5746834],[88.5011257,22.5748808],[88.5011885,22.5750352],[88.5012491,22.5750064],[88.5014766,22.5749195],[88.5016131,22.5748617],[88.5015665,22.5747917],[88.5016414,22.5746782],[88.5015333,22.5745665],[88.5014851,22.5743556],[88.501452,22.5741445],[88.5016334,22.5740158],[88.5015548,22.5738193],[88.5014766,22.573651],[88.501431,22.5736655],[88.5012186,22.5737382],[88.5009908,22.573811],[88.5008534,22.5737843],[88.5007917,22.5737285],[88.5005637,22.5737732],[88.500336,22.573846],[88.5001387,22.5739185],[88.5001232,22.5738905],[88.5000294,22.5736941],[88.4998017,22.5737669],[88.4998648,22.5739495],[88.4997903,22.5740912],[88.4995936,22.574206],[88.4994726,22.5742778],[88.499426,22.5742078],[88.4993171,22.5740257],[88.4992687,22.5738006],[88.4992052,22.5735899],[88.4991266,22.5733934],[88.4990787,22.5732106],[88.499109,22.5731962],[88.4993215,22.5731235],[88.4994581,22.5730798],[88.4994898,22.5731782],[88.4995683,22.5733747],[88.4996157,22.5735152],[88.4996916,22.5734862],[88.4999039,22.5733994],[88.5000708,22.5733413],[88.5000854,22.5732848],[88.5002677,22.5732406],[88.5002833,22.5732686],[88.5004218,22.57338],[88.5004197,22.5732109],[88.5003562,22.5730001],[88.5003244,22.5728877],[88.5002633,22.5728742],[88.5002475,22.5728321],[88.5001993,22.5726212],[88.5001358,22.5724104],[88.500119,22.5722837],[88.5000122,22.5722707],[88.4999187,22.5721025],[88.49984,22.5718919],[88.4997612,22.5716813],[88.4996825,22.5714707],[88.4996037,22.5712601],[88.4995404,22.5710634],[88.4996762,22.5709493],[88.4996587,22.5707662],[88.4997331,22.5706104],[88.4998389,22.5705388],[88.4998074,22.5704546],[88.4998819,22.5703129],[88.5000943,22.5702402],[88.5003063,22.5701253],[88.5005184,22.5700244],[88.5007151,22.5699096],[88.5009273,22.5698088],[88.5011396,22.569722],[88.5013671,22.5696351],[88.5015796,22.5695624],[88.5018073,22.5694896],[88.5020352,22.5694309],[88.502263,22.5693721],[88.5024909,22.5693134],[88.5027036,22.5692548],[88.5027188,22.5692547],[88.5029309,22.5691538],[88.503159,22.5691092],[88.5031877,22.5689679],[88.5031253,22.5688417],[88.5030494,22.5688707],[88.5028673,22.5689289],[88.5028517,22.5689009],[88.5028046,22.5687886],[88.5027135,22.5688178],[88.5025898,22.568664],[88.5025427,22.5685517],[88.5026336,22.5685085],[88.5028461,22.5684358],[88.5030736,22.5683489],[88.5032861,22.5682763],[88.5035136,22.5681893],[88.5037259,22.5681026],[88.5039536,22.5680297],[88.5041659,22.567943],[88.5044095,22.5679264],[88.5046384,22.5679522],[88.5048673,22.567978],[88.5049566,22.5677939],[88.5051538,22.5677214],[88.5053817,22.5676626],[88.5056095,22.5676039],[88.5056839,22.5674481],[88.5056358,22.5672512],[88.5056356,22.5672371],[88.5058479,22.5671504],[88.5060754,22.5670635],[88.5061496,22.5668936],[88.5061316,22.5666682],[88.5061294,22.566485],[88.5061291,22.5664568],[88.5060959,22.5662317],[88.5060639,22.5661051],[88.5061548,22.5660619],[88.5063515,22.5659471],[88.5065792,22.5658743],[88.5067769,22.5658441],[88.5068072,22.5658297],[88.5070195,22.5657429],[88.507156,22.5656851],[88.5071856,22.5656143],[88.5072298,22.565487],[88.5073053,22.5654299],[88.507411,22.5653442],[88.5073796,22.565274],[88.5072863,22.56512],[88.5072403,22.5650923],[88.5070864,22.564967],[88.507071,22.5649531],[88.5068712,22.5648142],[88.5066579,22.5648164],[88.5064754,22.5648465],[88.5064146,22.5648612],[88.5061865,22.5649058],[88.5060194,22.5649498],[88.5059588,22.5649786],[88.5057775,22.5651074],[88.5057299,22.5649528],[88.5057125,22.5647698],[88.5056669,22.5647843],[88.5054545,22.564857],[88.5053158,22.5647316],[88.5051477,22.564691],[88.5049355,22.5647919],[88.5047234,22.5648927],[88.5047867,22.5650894],[88.5048653,22.5652859],[88.5047145,22.5654143],[88.5046992,22.5654145],[88.5045785,22.5655144],[88.5045794,22.5655849],[88.5045967,22.5657538],[88.5045359,22.5657686],[88.5043237,22.5658694],[88.5041114,22.5659562],[88.5039142,22.5660287],[88.5038986,22.5660007],[88.5037898,22.5658185],[88.5036382,22.5658906],[88.5036073,22.5658486],[88.503592,22.5658488],[88.5034554,22.5658925],[88.5033795,22.5659215],[88.5031674,22.5660223],[88.5029705,22.566123],[88.5027736,22.5662237],[88.5027586,22.566238],[88.5025464,22.5663388],[88.5023497,22.5664536],[88.5021377,22.5665685],[88.5019837,22.5664292],[88.501814,22.5662618],[88.5016598,22.5661084],[88.5014773,22.5661384],[88.501462,22.5661386],[88.5012492,22.5661831],[88.5012338,22.5661691],[88.5011869,22.566071],[88.5011703,22.5659584],[88.5011224,22.5657756],[88.5010921,22.56579],[88.5008644,22.5658629],[88.5006521,22.5659496],[88.5005158,22.5660215],[88.5005011,22.5660639],[88.5004704,22.5660502],[88.5003473,22.5659528],[88.5002859,22.5659111],[88.5000883,22.5659555],[88.5000732,22.5659697],[88.4999063,22.5660278],[88.4999068,22.5660701],[88.4998936,22.5662394],[88.4999095,22.5662956],[88.4999578,22.5665065],[88.4998682,22.5666625],[88.4998225,22.5666629],[88.4996554,22.566707],[88.4995947,22.5667217],[88.4993671,22.5668086],[88.4992005,22.5668949],[88.4991702,22.5669093],[88.4991111,22.5670649],[88.4990064,22.5672211],[88.4990695,22.5674037],[88.4990545,22.5674179],[88.4989646,22.5675457],[88.498904,22.5675745],[88.4987221,22.5676609],[88.4987218,22.5676328],[88.4986735,22.5674218],[88.4985355,22.5673528],[88.4984272,22.567213],[88.4983637,22.5670022],[88.4983161,22.5668476],[88.4982553,22.5668624],[88.4980731,22.5669206],[88.4980728,22.5668924],[88.4980245,22.5666815],[88.4979761,22.5664565],[88.4979431,22.5662454],[88.4978948,22.5660345],[88.4978623,22.5658657],[88.4979077,22.565837],[88.4980135,22.5657655],[88.497997,22.565667],[88.4979183,22.5654564],[88.4978397,22.5652599],[88.4978247,22.5652741],[88.4976428,22.5653606],[88.4976274,22.5653466],[88.4975201,22.5652913],[88.4974893,22.5652635],[88.4973367,22.565251],[88.4973527,22.5653072],[88.497385,22.5654619],[88.4973242,22.5654766],[88.4970965,22.5655494],[88.4968844,22.5656503],[88.4967157,22.5655675],[88.496531,22.5654143],[88.4963182,22.5654588],[88.4962395,22.5652482],[88.4961768,22.5651079],[88.4961457,22.5650518],[88.4960519,22.5648555],[88.4960365,22.5648415],[88.4961269,22.564756],[88.4961722,22.5647274],[88.4963847,22.5646547],[88.4963845,22.5646406],[88.496306,22.5644441],[88.4963341,22.5642465],[88.4965465,22.5641738],[88.4967747,22.5641433],[88.4967746,22.5641292],[88.4966808,22.5639328],[88.496587,22.5637365],[88.4964779,22.5635403],[88.4963841,22.5633439],[88.4962751,22.5631477],[88.4960926,22.5631778],[88.4959087,22.5630951],[88.4957544,22.5629417],[88.4956,22.5627741],[88.4954607,22.5625923],[88.4953215,22.5624246],[88.4952289,22.5623269],[88.4951378,22.562356],[88.4950592,22.5621595],[88.4949805,22.5619489],[88.494917,22.5617382],[88.4948535,22.5615274],[88.4949425,22.5613291],[88.4950314,22.5611168],[88.4949984,22.5609057],[88.4948756,22.5608365],[88.494739,22.5608802],[88.4947553,22.5609646],[88.4948035,22.5611755],[88.4945914,22.5612764],[88.4945433,22.5610796],[88.494513,22.561094],[88.4943594,22.5609969],[88.4942504,22.5608007],[88.4941566,22.5606043],[88.4940628,22.560408],[88.4939849,22.5602678],[88.4939239,22.5602685],[88.4936798,22.5602428],[88.4934516,22.5602733],[88.4932239,22.5603462],[88.4930426,22.5604749],[88.492858,22.5603359],[88.4926599,22.5603379],[88.4924322,22.5604107],[88.4924343,22.5605798],[88.4925281,22.5607762],[88.4923772,22.5609046],[88.4924101,22.5611016],[88.4924887,22.5612981],[88.4925522,22.5615089],[88.4926309,22.5617195],[88.4926944,22.5619303],[88.4927731,22.5621409],[88.4928366,22.5623516],[88.4929154,22.5625622],[88.4929787,22.5627589],[88.4927513,22.5628599],[88.4925231,22.5628905],[88.4922949,22.562921],[88.4922971,22.5631042],[88.4923759,22.5633148],[88.4924383,22.563441],[88.4923779,22.563484],[88.4924257,22.5636526],[88.4925498,22.5638346],[88.4927477,22.5638184],[88.4928994,22.5637605],[88.492961,22.5638162],[88.4931454,22.5639412],[88.4933299,22.5640802],[88.4934528,22.5641635],[88.4933922,22.5641923],[88.4933636,22.5643477],[88.4934727,22.5645439],[88.493566,22.5646979],[88.4935817,22.5647401],[88.4936755,22.5649364],[88.4937846,22.5651326],[88.4938784,22.565329],[88.4939571,22.5655396],[88.4940509,22.5657359],[88.4941288,22.5658761],[88.4941297,22.5659465],[88.4941779,22.5661575],[88.4942262,22.5663684],[88.4942897,22.5665792],[88.4943229,22.5668043],[88.4943864,22.5670151],[88.4944651,22.5672257],[88.4945124,22.5673521],[88.4945884,22.5673372],[88.4947117,22.5674487],[88.4947904,22.5676593],[88.4948539,22.5678701],[88.4949174,22.5680808],[88.4950112,22.5682772],[88.4949675,22.5684468],[88.494771,22.5685756],[88.4947725,22.5687025],[88.4948812,22.5688705],[88.4949903,22.5690667],[88.4948394,22.5691951],[88.4946249,22.5690987],[88.4944121,22.5691431],[88.494215,22.5692298],[88.4941996,22.5692158],[88.4940303,22.5690766],[88.4938456,22.5689235],[88.4936475,22.5689255],[88.4935109,22.5689692],[88.4935119,22.5690538],[88.4933154,22.5691827],[88.4931186,22.5692975],[88.4931363,22.5694946],[88.4931364,22.5695087],[88.4932302,22.5697051],[88.4933393,22.5699013],[88.4932189,22.5700294],[88.4930068,22.5701302],[88.4927946,22.5702311],[88.4926431,22.5703031],[88.4926741,22.5703451],[88.4928135,22.5705269],[88.492892,22.5707234],[88.4929555,22.5709341],[88.4930031,22.5710887],[88.4929579,22.5711314],[88.4927768,22.5712743],[88.4925956,22.5714171],[88.4924297,22.5715597],[88.4924299,22.5715738],[88.492554,22.5717558],[88.4926473,22.5719099],[88.4926172,22.5719384],[88.4924206,22.5720673],[88.4922826,22.5719982],[88.4922523,22.5720126],[88.4920558,22.5721415],[88.4921189,22.5723241],[88.4921812,22.5724362],[88.4921056,22.5724793],[88.4918934,22.5725801],[88.4917251,22.5725255],[88.491542,22.5724992],[88.49133,22.5726141],[88.4911769,22.5725593],[88.4910831,22.572363],[88.4909741,22.5721668],[88.4908803,22.5719704],[88.4907712,22.5717742],[88.4906774,22.5715779],[88.4905686,22.5713957],[88.4903564,22.5714966],[88.4903432,22.5716659],[88.490437,22.5718622],[88.4905308,22.5720586],[88.4906247,22.5722549],[88.4907186,22.5724654],[88.4906135,22.5725933],[88.4904168,22.5727081],[88.4902048,22.5728231],[88.4900384,22.5729235],[88.4900228,22.5728954],[88.4899441,22.5726848],[88.4898968,22.5725585],[88.4898208,22.5725733],[88.4898207,22.5725592],[88.4897421,22.5723627],[88.489695,22.5722505],[88.4895887,22.5722797],[88.4894199,22.5721828],[88.489311,22.5720007],[88.4891448,22.5721152],[88.4891754,22.572129],[88.4893293,22.5722542],[88.4893297,22.5722824],[88.4893777,22.5724793],[88.4893627,22.5724935],[88.4892736,22.5726917],[88.4892141,22.5728051],[88.4891076,22.5728203],[88.4888792,22.5728368],[88.4886357,22.5728675],[88.4885304,22.5729813],[88.4885482,22.5731926],[88.4885662,22.5734179],[88.488584,22.5736291],[88.4886172,22.5738543],[88.4886349,22.5740655],[88.4886529,22.5742909],[88.4886707,22.5745021],[88.4886724,22.574643],[88.4885811,22.5746581],[88.4883528,22.5746745],[88.4881093,22.5747052],[88.4878811,22.5747358],[88.4876375,22.5747524],[88.4874092,22.5747829],[88.4872867,22.5747278],[88.4872106,22.5747427],[88.4872435,22.5749397],[88.487307,22.5751505],[88.4871248,22.5752087],[88.4868964,22.5752252],[88.4866985,22.5752413],[88.4866838,22.5752838],[88.4866254,22.5754958],[88.4864898,22.575624],[88.4862619,22.5756828],[88.4860341,22.5757415],[88.485975,22.5758972],[88.4860385,22.5761079],[88.4860867,22.5763189],[88.4861504,22.5765437],[88.4861824,22.5766702],[88.4861066,22.5766992],[88.4858787,22.5767579],[88.485651,22.5768308],[88.4855142,22.5768604],[88.4855305,22.5769448],[88.4855637,22.5771699],[88.485412,22.5772279],[88.4851682,22.5772304],[88.485075,22.5770904],[88.4849824,22.5769927],[88.4849519,22.576993],[88.4848133,22.5768676],[88.484798,22.5768678],[88.4845702,22.5769265],[88.4843421,22.5769711],[88.4842053,22.5770007],[88.4841586,22.5769167],[88.4840648,22.5767203],[88.483971,22.5765239],[88.4838619,22.5763277],[88.483725,22.5763433],[88.4835745,22.5764999],[88.4834087,22.5766566],[88.4832432,22.5768275],[88.4830927,22.5769841],[88.4829269,22.5771408],[88.4827612,22.5772976],[88.4826109,22.5774683],[88.4824451,22.577625],[88.4823547,22.5777105],[88.4824167,22.5777944],[88.4826151,22.5778206],[88.4828274,22.5777338],[88.4829512,22.5778876],[88.4830297,22.5780841],[88.483108,22.5782524],[88.483078,22.578295],[88.4830189,22.5784507],[88.4830347,22.5784928],[88.4832031,22.5785615],[88.4834319,22.5785733],[88.483432,22.5785874],[88.4834955,22.5787981],[88.4835277,22.5789387],[88.4836191,22.5789378],[88.4838475,22.5789213],[88.4840302,22.5789054],[88.4840913,22.5789188],[88.4842899,22.578959],[88.4843053,22.578973],[88.4843993,22.5791834],[88.4844928,22.5793516],[88.4845231,22.5793372],[88.4847354,22.5792504],[88.4849631,22.5791776],[88.4851754,22.5790908],[88.4853748,22.5792015],[88.4853312,22.5793711],[88.4853159,22.5793713],[88.4851038,22.5794721],[88.4851202,22.5795706],[88.48506,22.5796276],[88.4849096,22.5797983],[88.4847285,22.5799412],[88.4847001,22.5801106],[88.4847779,22.5802507],[88.4847019,22.5802656],[88.4844893,22.5803242],[88.4845047,22.5803381],[88.4845682,22.5805489],[88.4846154,22.5806753],[88.4845396,22.5807042],[88.4843424,22.5807767],[88.4843425,22.5807908],[88.4844213,22.5810014],[88.4845152,22.5812119],[88.4845938,22.5814084],[88.4846726,22.581619],[88.4845366,22.5817191],[88.4843089,22.5817919],[88.4840812,22.5818647],[88.4838687,22.5819374],[88.4836866,22.5819957],[88.4837328,22.5820375],[88.4839021,22.5821767],[88.4841005,22.5822028],[88.4841007,22.5822169],[88.4841942,22.5823851],[88.4842094,22.5823849],[88.4844371,22.5823121],[88.484665,22.5822534],[88.4847884,22.5823789],[88.4848341,22.5823785],[88.4850623,22.5823479],[88.4850459,22.5822494],[88.4850913,22.5822208],[88.4853034,22.5821199],[88.4855154,22.582005],[88.4855895,22.5818351],[88.4855724,22.5816802],[88.4856332,22.5816655],[88.4857696,22.5816077],[88.4857688,22.5815372],[88.4858431,22.5813814],[88.4859946,22.5813094],[88.4859939,22.581253],[88.4860986,22.5810828],[88.4862797,22.58094],[88.4864609,22.5807971],[88.4865663,22.5806974],[88.4865198,22.5806274],[88.4864569,22.580473],[88.4865021,22.5804302],[88.4866679,22.5802735],[88.4868334,22.5801026],[88.4869839,22.579946],[88.4871497,22.5797893],[88.4873,22.5796186],[88.4874657,22.5794618],[88.4876315,22.5793051],[88.4877402,22.5794731],[88.4878492,22.5796693],[88.487943,22.5798657],[88.4881411,22.5798636],[88.488369,22.5798049],[88.4884281,22.5796492],[88.4883646,22.5794385],[88.4883168,22.5792698],[88.4883471,22.5792554],[88.48853,22.5792535],[88.488561,22.5792955],[88.488714,22.5793503],[88.4887298,22.5793924],[88.4887779,22.5795892],[88.4887929,22.579575],[88.4890208,22.5795162],[88.4890032,22.5793191],[88.4889397,22.5791083],[88.4890751,22.578966],[88.4891799,22.5788099],[88.489392,22.578709],[88.4894511,22.5785534],[88.4895256,22.5784116],[88.4897377,22.5783108],[88.489705,22.5781279],[88.4896112,22.5779315],[88.4896102,22.577847],[88.4895344,22.5778759],[88.4893801,22.5777225],[88.4894394,22.5775809],[88.4893303,22.5773847],[88.4892213,22.5771885],[88.4891273,22.5769781],[88.4892627,22.5768357],[88.4894439,22.5766929],[88.489625,22.5765501],[88.4898062,22.5764073],[88.4899873,22.5762645],[88.4901685,22.5761216],[88.4903496,22.5759788],[88.4905307,22.575836],[88.4907119,22.5756932],[88.490893,22.5755504],[88.4910591,22.5754218],[88.4912403,22.575279],[88.4914214,22.5751362],[88.4914216,22.5751502],[88.4914841,22.5752765],[88.4915597,22.5752334],[88.4917729,22.5752171],[88.4920008,22.5751584],[88.4921526,22.5751145],[88.4922132,22.5750857],[88.49238,22.5750135],[88.4924255,22.5749989],[88.4925466,22.5749272],[88.4926221,22.57487],[88.4928037,22.5747695],[88.4928193,22.5747975],[88.4929284,22.5749937],[88.4930217,22.5751478],[88.493067,22.5751191],[88.4932947,22.5750463],[88.493507,22.5749596],[88.4937192,22.5748587],[88.4937168,22.5746614],[88.4936848,22.5745349],[88.4937605,22.5744918],[88.493957,22.5743629],[88.4939546,22.5741656],[88.4938759,22.573955],[88.4937971,22.5737444],[88.4939942,22.5736578],[88.4942075,22.5736556],[88.4943594,22.5736117],[88.4943906,22.5736678],[88.4944845,22.5738783],[88.4945783,22.5740746],[88.4946721,22.574271],[88.4947661,22.5744814],[88.4948286,22.5746076],[88.4947683,22.5746646],[88.4947248,22.5748483],[88.4949233,22.5748745],[88.4951058,22.5748444],[88.4951513,22.5748298],[88.495379,22.574757],[88.4956067,22.5746842],[88.495819,22.5745974],[88.4960173,22.5746094],[88.4961869,22.5747768],[88.4963413,22.5749444],[88.4964047,22.575141],[88.4964531,22.5753661],[88.4965014,22.575577],[88.4965496,22.5757879],[88.4965827,22.575999],[88.4966006,22.5762243],[88.4966337,22.5764354],[88.4966354,22.5765763],[88.4965595,22.5766053],[88.4963472,22.5766921],[88.4961195,22.5767649],[88.4958918,22.5768377],[88.4956795,22.5769245],[88.4954518,22.5769973],[88.4955305,22.5772079],[88.4956091,22.5774044],[88.4956726,22.5776152],[88.4957513,22.5778258],[88.4958301,22.5780364],[88.4959086,22.5782329],[88.4959874,22.5784435],[88.4960661,22.5786541],[88.4961296,22.5788649],[88.4962082,22.5790614],[88.4962869,22.579272],[88.4963657,22.5794826],[88.4965189,22.5795515],[88.4967468,22.5794928],[88.4969747,22.5794341],[88.4972024,22.5793612],[88.4971851,22.5791923],[88.4971063,22.5789817],[88.4970278,22.5787852],[88.4969338,22.5785747],[88.4968551,22.5783641],[88.4967765,22.5781676],[88.4966978,22.577957],[88.4966038,22.5777465],[88.4965252,22.57755],[88.4964465,22.5773394],[88.4965978,22.5772533],[88.4968257,22.5771945],[88.4969496,22.5773624],[88.4970737,22.5775443],[88.497198,22.5777404],[88.4973221,22.5779223],[88.4974464,22.5781184],[88.4975553,22.5783005],[88.4976643,22.5784967],[88.4977734,22.5786929],[88.497986,22.5786343],[88.4980648,22.5788449],[88.4981283,22.5790557],[88.4983113,22.5790679],[88.4984936,22.5790237],[88.4985094,22.5790658],[88.4985879,22.5792624],[88.4986514,22.5794731],[88.4987302,22.5796837],[88.4988089,22.5798943],[88.4988877,22.580105],[88.4989347,22.5802172],[88.4990258,22.5801881],[88.4991472,22.5801446],[88.4991787,22.5802288],[88.4992574,22.5804394],[88.499336,22.5806359],[88.4995197,22.5807045],[88.4997026,22.5807026],[88.4997183,22.5807447],[88.4997664,22.5809416],[88.4997513,22.5809558],[88.4995236,22.5810286],[88.4993111,22.5811013],[88.4990836,22.5811882],[88.498947,22.5812319],[88.4989934,22.5812878],[88.4991478,22.5814554],[88.4993022,22.5816229],[88.4994566,22.5817905],[88.499611,22.581958],[88.4997653,22.5821114],[88.4999197,22.582279],[88.5000741,22.5824465],[88.5001832,22.5826427],[88.5002619,22.5828533],[88.5003405,22.5830499],[88.5004033,22.5832042],[88.5004192,22.5832605],[88.5002377,22.5833751],[88.5000256,22.5834759],[88.4998135,22.5835768],[88.4998311,22.5837739],[88.4998946,22.5839847],[88.4999581,22.5841955],[88.5000212,22.5843781],[88.4999908,22.5843784],[88.4997622,22.5843807],[88.4995946,22.5843825],[88.4995938,22.584312],[88.4995455,22.5841011],[88.4993767,22.5840042],[88.4991481,22.5840065],[88.499148,22.5839924],[88.4991915,22.5838087],[88.4991606,22.5837809],[88.4990518,22.5835988],[88.4989275,22.5834027],[88.4988337,22.5832064],[88.4987702,22.5829956],[88.4987067,22.5827848],[88.4986279,22.5825742],[88.4985804,22.5824197],[88.4985196,22.5824344],[88.4982915,22.582479],[88.4980635,22.5825237],[88.4978498,22.5824977],[88.4978496,22.5824836],[88.4978166,22.5822725],[88.4977834,22.5820473],[88.4976747,22.5818793],[88.49749,22.5817262],[88.4972623,22.581799],[88.4971257,22.5818427],[88.4971097,22.5817865],[88.4970793,22.5817868],[88.4968512,22.5818315],[88.4968074,22.581987],[88.4970204,22.5819566],[88.497189,22.5820394],[88.4972676,22.5822359],[88.4973146,22.5823482],[88.4972083,22.5823775],[88.4970862,22.5823646],[88.4970253,22.5823653],[88.4968276,22.5823955],[88.4968279,22.5824237],[88.4967226,22.5825375],[88.4967229,22.5825657],[88.4965872,22.5826799],[88.4965098,22.582582],[88.4964488,22.5825826],[88.496205,22.5825852],[88.4959767,22.5826016],[88.4959765,22.5825875],[88.4959435,22.5823764],[88.4959258,22.5821793],[88.4959563,22.582179],[88.4960614,22.582051],[88.496228,22.5819648],[88.4963179,22.581837],[88.4963,22.5816116],[88.4964977,22.5815814],[88.4966179,22.5814392],[88.4966484,22.5814389],[88.4968153,22.5813808],[88.4967994,22.5813246],[88.4966311,22.5812699],[88.4963878,22.5813147],[88.4961598,22.5813594],[88.4959317,22.581404],[88.4957037,22.5814487],[88.4956759,22.5816745],[88.4955703,22.5817601],[88.4955708,22.5818024],[88.4955725,22.5819433],[88.4955119,22.5819722],[88.4955144,22.5821836],[88.4954992,22.5821837],[88.4952872,22.5822987],[88.4950905,22.5824134],[88.4951538,22.5826101],[88.495155,22.5827088],[88.4951715,22.5828073],[88.4951894,22.5830326],[88.4952072,22.5832438],[88.4952555,22.5834548],[88.4952887,22.5836799],[88.4950605,22.5837105],[88.4949552,22.5838243],[88.4949884,22.5840495],[88.4951262,22.5841045],[88.4951417,22.5841325],[88.4952205,22.5843431],[88.4953143,22.5845395],[88.495347,22.5847223],[88.4954401,22.5848623],[88.4954855,22.5848337],[88.49567,22.5849727],[88.4958695,22.5850834],[88.496084,22.5851799],[88.4962983,22.5852622],[88.4964363,22.5853313],[88.4964812,22.5852603],[88.4966484,22.5852304],[88.4966488,22.5852586],[88.4968332,22.5853835],[88.4970326,22.5854942],[88.4971533,22.5853943],[88.4973216,22.585449],[88.4974598,22.5855321],[88.49743,22.5855888],[88.497569,22.5857424],[88.4977535,22.5858814],[88.4979228,22.5860206],[88.4980773,22.5861882],[88.4982317,22.5863557],[88.498371,22.5865375],[88.4982661,22.5866796],[88.4980695,22.5868084],[88.497873,22.5869373],[88.4977218,22.5870375],[88.4977223,22.5870798],[88.4976469,22.5871511],[88.4976314,22.5871231],[88.4975706,22.5871378],[88.4973583,22.5872245],[88.4973585,22.5872386],[88.4971922,22.5873531],[88.4969799,22.5874399],[88.4967829,22.5875265],[88.4967673,22.5874984],[88.4966738,22.5873303],[88.4966435,22.5873447],[88.4964155,22.5873893],[88.4961876,22.5874481],[88.4959595,22.5874927],[88.4959621,22.5877041],[88.4959645,22.5879014],[88.4959491,22.5878875],[88.4957347,22.5878051],[88.495505,22.5877088],[88.4954278,22.587625],[88.4953666,22.5876116],[88.4951223,22.5875718],[88.4948931,22.5875178],[88.4948756,22.5873348],[88.4950112,22.5872065],[88.4950701,22.5870368],[88.4950679,22.5868535],[88.4950373,22.5868398],[88.4948842,22.586785],[88.494838,22.5867432],[88.4947298,22.5866174],[88.494669,22.5866321],[88.4944396,22.586564],[88.4942107,22.5865382],[88.493982,22.5865265],[88.4937382,22.586529],[88.4935095,22.5865173],[88.4933859,22.5863776],[88.4933688,22.5862227],[88.4932928,22.5862376],[88.4930645,22.5862682],[88.4928211,22.5862989],[88.4926841,22.5863144],[88.4926381,22.5862867],[88.4926079,22.5863152],[88.4923956,22.5864019],[88.4921679,22.5864748],[88.4919842,22.5864062],[88.4919993,22.5863919],[88.4920118,22.5861663],[88.491994,22.585955],[88.4919915,22.5857437],[88.4919583,22.5855185],[88.4919252,22.5853074],[88.4919073,22.5850821],[88.492043,22.5849679],[88.4920254,22.5847708],[88.4918724,22.584716],[88.4917489,22.5845904],[88.4918541,22.5844624],[88.4920061,22.5844327],[88.4920818,22.5843896],[88.4922783,22.5842607],[88.4924144,22.5841748],[88.4923985,22.5841185],[88.4922304,22.584078],[88.4920481,22.5841222],[88.4920325,22.5840941],[88.4918931,22.5839123],[88.4918296,22.5837016],[88.4917661,22.5834908],[88.491583,22.5834645],[88.4913549,22.5835092],[88.4911875,22.583525],[88.491037,22.5836816],[88.4911145,22.5837935],[88.491223,22.5839475],[88.4911023,22.5840474],[88.4911352,22.5842444],[88.4911836,22.5844694],[88.4912319,22.5846803],[88.4912639,22.5848068],[88.4913553,22.5848059],[88.4914639,22.5849598],[88.4915274,22.5851706],[88.4915756,22.5853815],[88.4916391,22.5855922],[88.4917323,22.5857322],[88.4917341,22.5858873],[88.4916735,22.5859161],[88.4915504,22.5858187],[88.4915027,22.58565],[88.491457,22.5856505],[88.4912911,22.5857932],[88.4912327,22.5860052],[88.4911888,22.5861607],[88.491128,22.5861754],[88.4909003,22.5862482],[88.4906875,22.5862927],[88.4906873,22.5862786],[88.4906249,22.5861524],[88.4905489,22.5861673],[88.4903208,22.5862119],[88.4901855,22.5863684],[88.490095,22.5864398],[88.4899878,22.5863986],[88.4897748,22.586429],[88.4895471,22.5865018],[88.4895498,22.5867273],[88.4893986,22.5868275],[88.4891858,22.586872],[88.4891222,22.5866472],[88.4889391,22.586635],[88.4887113,22.5866937],[88.4886061,22.5868216],[88.4886696,22.5870324],[88.4888681,22.5870585],[88.4890203,22.5870429],[88.4890819,22.5870986],[88.4893111,22.5871526],[88.4895397,22.5871503],[88.489783,22.5871055],[88.4898309,22.5872882],[88.4898477,22.5874149],[88.4898944,22.587499],[88.4898204,22.587683],[88.4897162,22.5878814],[88.4895965,22.5880658],[88.489477,22.5882644],[88.4893573,22.5884489],[88.4892965,22.5884636]]]}}]}
